Rk,Player,Pos,Age,Tm,G,GS,MP,FG,FGA,FG%,3P,3PA,3P%,2P,2PA,2P%,eFG%,FT,FTA,FT%,ORB,DRB,TRB,AST,STL,BLK,TOV,PF,PTS
1,Precious Achiuwa\achiupr01,PF,21,MIA,35,2,14,2.4,4.1,0.579,0,0,,2.4,4.1,0.579,0.579,1.3,2.3,0.543,1.3,2.7,4,0.6,0.4,0.5,0.9,1.7,6.1
2,Jaylen Adams\adamsja01,PG,24,MIL,7,0,2.6,0.1,1.1,0.125,0,0.3,0,0.1,0.9,0.167,0.125,0,0,,0,0.4,0.4,0.3,0,0,0,0.1,0.3
3,Steven Adams\adamsst01,C,27,NOP,33,33,27.8,3.5,5.7,0.615,0,0,0,3.5,5.6,0.618,0.615,1.1,2.4,0.443,4,4.9,8.9,2.1,0.9,0.6,1.5,1.9,8
4,Bam Adebayo\adebaba01,C,23,MIA,33,33,33.9,7.2,12.7,0.563,0.1,0.2,0.333,7.1,12.5,0.567,0.566,4.8,5.7,0.847,2.2,7.3,9.5,5.4,0.9,1,3,2.4,19.2
5,LaMarcus Aldridge\aldrila01,C,35,SAS,21,18,25.9,5.5,11.8,0.464,1.3,3.6,0.36,4.2,8.2,0.509,0.518,1.5,1.8,0.838,0.8,3.7,4.5,1.7,0.4,0.9,1,1.7,13.7
6,Ty-Shon Alexander\alexaty01,SG,22,PHO,3,0,2.7,0,1,0,0,0.3,0,0,0.7,0,0,0,0,,0,0.3,0.3,0.3,0,0,0,0.3,0
7,Nickeil Alexander-Walker\alexani01,SG,22,NOP,28,3,17.7,3.1,7.5,0.408,1.1,3.5,0.306,2,4,0.496,0.479,1,1.3,0.8,0.2,2.2,2.4,1.9,1,0.3,1.1,1.6,8.2
8,Grayson Allen\allengr01,SG,25,MEM,23,12,24,2.9,7.1,0.409,2,4.9,0.407,0.9,2.2,0.412,0.549,1.5,1.7,0.895,0.3,2.5,2.8,2.2,1,0.1,0.9,1.3,9.3
9,Jarrett Allen\allenja01,C,22,TOT,35,17,27.9,4.9,7.3,0.669,0.1,0.2,0.5,4.8,7.1,0.675,0.677,3.5,4.7,0.741,3.2,6.7,9.9,1.7,0.5,1.7,1.5,1.6,13.5
9,Jarrett Allen\allenja01,C,22,BRK,12,5,26.7,3.7,5.4,0.677,0,0,,3.7,5.4,0.677,0.677,3.8,5.1,0.754,3.2,7.3,10.4,1.7,0.6,1.6,1.8,1.8,11.2
9,Jarrett Allen\allenja01,C,22,CLE,23,12,28.6,5.6,8.3,0.667,0.2,0.3,0.5,5.4,8,0.674,0.677,3.3,4.6,0.733,3.2,6.4,9.6,1.7,0.4,1.7,1.4,1.5,14.7
10,Al-Farouq Aminu\aminual01,PF,30,ORL,9,6,18.1,1.9,4.8,0.395,0.7,1.7,0.4,1.2,3.1,0.393,0.465,0.8,1,0.778,1,3.1,4.1,1.7,0.9,0.6,1.1,1,5.2
11,Kyle Anderson\anderky01,PF,27,MEM,30,30,27.6,4.9,10.2,0.477,1.5,4,0.38,3.3,6.2,0.541,0.552,2.1,2.8,0.762,0.9,5.2,6.1,3.5,1.2,0.7,1.5,1.8,13.4
12,Giannis Antetokounmpo\antetgi01,PF,26,MIL,35,35,34,10.5,18.9,0.557,1.1,3.9,0.285,9.4,15,0.628,0.586,6.9,10.4,0.661,1.8,9.8,11.7,5.9,1.3,1.4,3.7,3,29
13,Kostas Antetokounmpo\antetko01,PF,23,LAL,3,0,6.3,0.3,1,0.333,0,0,,0.3,1,0.333,0.333,0.3,0.7,0.5,0.7,2,2.7,0,0.3,0.7,1.7,1,1
14,Thanasis Antetokounmpo\antetth01,SF,28,MIL,26,0,8.7,1,1.7,0.605,0.1,0.3,0.222,0.9,1.3,0.706,0.628,0.2,0.5,0.462,1,1.1,2.1,0.7,0.3,0.2,0.7,1.3,2.3
15,Carmelo Anthony\anthoca01,PF,36,POR,34,3,25.6,4.9,11.8,0.413,1.8,4.6,0.387,3.1,7.3,0.429,0.488,2.4,2.8,0.842,0.6,2.8,3.3,1.5,0.9,0.8,1,2.1,13.9
16,Cole Anthony\anthoco01,PG,20,ORL,25,17,26.7,4,10.8,0.375,1.1,3.3,0.325,3,7.4,0.398,0.426,1.8,2.2,0.836,0.8,3.6,4.4,3.8,0.7,0.4,2,2,11
17,OG Anunoby\anunoog01,SF,23,TOR,23,23,33.4,5,10.3,0.479,2.1,5.4,0.395,2.8,5,0.57,0.582,1.7,2.3,0.755,1.4,4.3,5.7,1.7,1.6,0.7,1.7,2.8,13.8
18,Ryan Arcidiacono\arcidry01,PG,26,CHI,18,0,11,1.2,2.8,0.42,0.6,1.8,0.344,0.6,1,0.556,0.53,0.4,0.5,0.889,0.1,1.7,1.8,1.3,0.3,0,0.2,0.9,3.4
19,D.J. Augustin\augusdj01,PG,33,MIL,34,6,19.5,1.9,5.4,0.35,1.3,3.6,0.366,0.6,1.8,0.317,0.473,1,1.1,0.897,0.3,1,1.4,3,0.6,0,0.9,0.8,6.1
20,Deni Avdija\avdijde01,SF,20,WAS,30,16,21.5,2.3,5.2,0.433,1,2.9,0.356,1.2,2.3,0.529,0.532,0.4,0.6,0.579,0.4,4.2,4.7,1.3,0.7,0.2,0.8,2.5,5.9
21,Deandre Ayton\aytonde01,C,22,PHO,35,35,31.1,6.2,10.5,0.594,0.1,0.5,0.235,6.1,10,0.611,0.599,1.9,2.5,0.75,3.4,8.1,11.4,1.7,0.3,1.1,1.7,3.1,14.5
22,Udoka Azubuike\azubuud01,C,21,UTA,12,0,4.1,0.3,0.6,0.571,0,0,,0.3,0.6,0.571,0.571,0.3,0.5,0.667,0.3,0.8,1.1,0,0.1,0.3,0.3,0.7,1
23,Dwayne Bacon\bacondw01,SG,25,ORL,36,23,24.6,3.8,9.1,0.413,0.9,2.8,0.333,2.8,6.3,0.449,0.465,1.6,1.9,0.826,0.3,2.5,2.9,1,0.6,0.1,0.7,1.6,10.1
24,Marvin Bagley III\baglema01,PF,21,SAC,34,34,26.1,5.7,11.5,0.5,1,2.7,0.37,4.7,8.8,0.54,0.544,1.6,3,0.529,2.4,5.1,7.6,1,0.5,0.5,1.4,2.4,14.1
25,LaMelo Ball\ballla01,PG,19,CHO,35,15,28.9,5.7,12.8,0.449,2,5.3,0.378,3.7,7.5,0.498,0.527,2.3,2.9,0.802,1.5,4.6,6,6.3,1.6,0.4,2.8,2.7,15.8
26,Lonzo Ball\balllo01,PG,23,NOP,33,33,31.8,5.3,12.4,0.428,3,7.8,0.387,2.3,4.6,0.497,0.549,0.9,1.2,0.775,0.6,3.5,4.2,5.1,1.3,0.5,2,2.2,14.5
27,Mo Bamba\bambamo01,C,22,ORL,17,0,9.5,2.1,3.9,0.522,0.4,1.1,0.368,1.6,2.8,0.583,0.575,0.2,0.4,0.667,1.1,2.7,3.8,0.2,0.2,0.8,0.4,1.2,4.8
28,Desmond Bane\banede01,SG,22,MEM,28,6,22.8,3.6,7.5,0.478,1.7,3.8,0.443,1.9,3.7,0.515,0.591,0.8,0.9,0.875,0.4,2.4,2.9,1.4,0.7,0.1,1,1.9,9.6
29,Harrison Barnes\barneha02,PF,28,SAC,33,33,35.7,5.6,11.3,0.492,1.7,4.3,0.392,3.9,7,0.554,0.567,3.9,4.7,0.826,1,5.1,6.1,3.6,0.8,0.2,1.4,1.3,16.7
30,RJ Barrett\barrerj01,SG,20,NYK,37,37,33.2,6.3,14.2,0.443,1.2,3.3,0.35,5.1,10.9,0.471,0.484,2.8,3.8,0.73,1.2,4.8,6,2.9,0.6,0.2,1.9,2.6,16.5
31,Will Barton\bartowi01,SF,30,DEN,33,29,29.9,4.5,10.2,0.442,1.5,3.9,0.388,3,6.2,0.476,0.516,1.1,1.5,0.755,0.6,3.5,4.1,3.1,0.8,0.4,1.7,1.6,11.6
32,Keita Bates-Diop\bateske01,SF,25,SAS,13,0,8.2,0.8,2.4,0.355,0.4,1.1,0.357,0.5,1.3,0.353,0.435,0.5,0.6,0.875,0.4,1.1,1.5,0.5,0.5,0.1,0.1,0.4,2.6
33,Nicolas Batum\batumni01,SF,32,LAC,35,35,29.5,3.1,6.5,0.472,1.9,4.4,0.439,1.1,2.1,0.541,0.62,0.9,1,0.833,0.9,3.9,4.8,2.4,1.2,0.4,0.7,1.7,9
34,Aron Baynes\baynear01,C,34,TOR,33,26,19.7,2.7,6.1,0.44,0.5,2.1,0.243,2.2,3.9,0.546,0.483,0.5,0.6,0.75,1.6,3.8,5.4,1.1,0.3,0.3,0.9,2.4,6.3
35,Kent Bazemore\bazemke01,SF,31,GSW,35,1,16.8,2.4,5,0.48,1.1,2.5,0.438,1.3,2.5,0.523,0.591,0.7,0.9,0.75,0.4,2.6,3,1.6,0.9,0.5,1.1,2.2,6.6
36,Darius Bazley\bazleda01,PF,20,OKC,36,36,30.7,4.4,11.2,0.392,1.5,5.2,0.29,2.9,6,0.479,0.459,1.6,2.3,0.704,0.6,6.9,7.5,1.5,0.5,0.6,1.8,0.9,11.9
37,Bradley Beal\bealbr01,SG,27,WAS,32,32,35.7,11.5,23.9,0.482,2.3,6.9,0.335,9.2,17,0.541,0.53,7.6,8.4,0.903,1.3,4.1,5.4,4.7,1.4,0.4,3.3,2.6,32.9
38,Malik Beasley\beaslma01,SG,24,MIN,33,32,33.1,7.6,16.7,0.455,3.5,8.7,0.406,4.1,8,0.508,0.56,1.8,2.2,0.847,0.8,3.8,4.6,2.5,0.8,0.2,1.6,1.6,20.5
39,Jordan Bell\belljo01,C,26,WAS,3,1,16.7,1.7,5,0.333,0,0.7,0,1.7,4.3,0.385,0.333,0,0,,1.7,3.7,5.3,1.7,0.3,1,1,1.3,3.3
40,DeAndre' Bembry\bembrde01,SF,26,TOR,27,5,16.4,1.8,3.2,0.57,0.3,0.8,0.364,1.5,2.4,0.641,0.616,0.5,0.7,0.7,0.4,1.6,2,2,0.6,0.3,1,1.6,4.4
41,Dāvis Bertāns\bertada01,PF,28,WAS,30,3,26.1,3.3,8.6,0.388,2.9,7.6,0.384,0.4,1,0.414,0.558,1.9,2.3,0.853,0.5,2.7,3.1,0.9,0.6,0.2,0.6,2.5,11.5
42,Patrick Beverley\beverpa01,PG,32,LAC,28,28,24.2,2.8,6.3,0.446,1.8,4.1,0.422,1.1,2.2,0.492,0.585,1.1,1.4,0.795,1,2.9,3.8,2.1,0.9,0.8,1,3.2,8.5
43,Saddiq Bey\beysa01,SF,21,DET,34,17,22.9,3.2,7.8,0.409,2.1,5.4,0.393,1.1,2.4,0.444,0.545,1.4,1.6,0.857,0.5,3.4,3.9,1.1,0.6,0,0.7,1.6,9.9
44,Tyler Bey\beyty01,SF,22,DAL,4,0,3.3,0.5,1.3,0.4,0,0,,0.5,1.3,0.4,0.4,0.5,1,0.5,0.5,0.3,0.8,0,0,0.3,0,0.5,1.5
45,Khem Birch\birchkh01,C,28,ORL,35,1,20.1,2.2,4.4,0.497,0.1,0.4,0.308,2.1,4,0.514,0.51,1.5,2,0.739,2.6,2.8,5.3,1.1,0.6,0.7,0.5,1.5,5.9
46,Goga Bitadze\bitadgo01,C,21,IND,16,0,9.3,1.5,2.9,0.511,0.1,0.9,0.133,1.4,2,0.688,0.532,0.6,0.8,0.769,0.7,1.3,2,0.3,0.2,0.9,0.5,1.6,3.8
47,Bismack Biyombo\biyombi01,C,28,CHO,33,19,22.3,2.4,4.2,0.569,0,0,0,2.4,4.1,0.574,0.569,0.9,1.8,0.483,2.2,3.4,5.6,1.5,0.3,1.2,0.9,2.5,5.6
48,Nemanja Bjelica\bjeline01,PF,32,SAC,19,1,18,3.1,6.3,0.483,0.8,2.4,0.333,2.3,3.9,0.573,0.546,1.6,2,0.789,1.1,3.2,4.2,2.2,0.3,0.1,1.3,1.9,8.5
49,Eric Bledsoe\bledser01,SG,31,NOP,35,34,29.7,4.5,10.4,0.435,2,5.1,0.385,2.5,5.3,0.484,0.53,1.6,2.3,0.679,0.5,3.1,3.5,3.8,0.8,0.3,1.6,1.5,12.6
50,Keljin Blevins\blevike01,SF,25,POR,9,0,5.2,0.2,1.2,0.182,0,0.4,0,0.2,0.8,0.286,0.182,0,0,,0,0.2,0.2,0.4,0.2,0,0.3,0.4,0.4
51,Bogdan Bogdanović\bogdabo01,SG,28,ATL,11,2,22.6,3.2,8.3,0.385,2.1,6.1,0.343,1.1,2.2,0.5,0.511,0.9,1,0.909,0.2,3.3,3.5,2.2,0.4,0.2,1.2,1.9,9.4
52,Bojan Bogdanović\bogdabo02,SF,31,UTA,36,36,30.6,5.2,12.1,0.432,2.7,6.7,0.405,2.5,5.4,0.466,0.545,2.6,3,0.852,0.5,3.4,3.9,1.9,0.5,0.1,1.4,1.6,15.7
53,Bol Bol\bolbo01,PF,21,DEN,15,2,5.6,0.7,1.5,0.5,0.3,0.7,0.5,0.4,0.8,0.5,0.614,0.1,0.1,0.5,0,0.7,0.7,0.3,0.1,0.3,0.5,0.6,1.9
54,Marques Bolden\boldema01,C,22,CLE,6,0,4.8,0.2,0.5,0.333,0,0,,0.2,0.5,0.333,0.333,0.8,1.3,0.625,0.5,0.5,1,0,0.3,0.3,0.3,0,1.2
55,Jordan Bone\bonejo01,PG,23,ORL,14,0,14,1.6,3.9,0.426,0.7,2.3,0.313,0.9,1.6,0.591,0.519,0,0,,0.3,1.4,1.7,1.3,0.1,0,0.2,0.8,4
56,Isaac Bonga\bongais01,SF,21,WAS,22,7,12.3,0.8,2,0.378,0.5,1.3,0.345,0.3,0.7,0.438,0.489,0.1,0.2,0.75,0.4,1.6,2,0.6,0.3,0.2,0.4,1.5,2.1
57,Devin Booker\bookede01,SG,24,PHO,31,31,33.9,9.2,18.5,0.496,2,5.6,0.362,7.1,12.9,0.554,0.551,4.5,5.4,0.839,0.2,3.5,3.6,4.4,0.9,0.3,3.3,3,24.9
58,Chris Boucher\bouchch01,C,28,TOR,36,2,23.6,4.8,8.9,0.534,1.7,3.8,0.445,3.1,5.1,0.6,0.629,2.4,3.1,0.759,1.9,4.6,6.5,1,0.6,1.9,0.7,2.7,13.6
59,Brian Bowen\bowenbr02,SF,22,IND,1,0,5,1,2,0.5,0,0,,1,2,0.5,0.5,1,1,1,0,1,1,0,0,0,0,0,3
60,Avery Bradley\bradlav01,SG,30,MIA,10,1,21.1,3.1,6.6,0.47,1.6,3.8,0.421,1.5,2.8,0.536,0.591,0.7,0.9,0.778,0.2,1.6,1.8,1.4,0.7,0.1,0.9,2.6,8.5
61,Tony Bradley\bradlto01,C,23,PHI,12,1,10.6,1.8,3.3,0.564,0,0.1,0,1.8,3.2,0.579,0.564,0.3,0.4,0.6,1.8,2.4,4.2,0.5,0.3,0.6,0.1,0.9,3.9
62,Jarrell Brantley\brantja01,PF,24,UTA,10,0,2.8,0.4,1,0.4,0.3,0.7,0.429,0.1,0.3,0.333,0.55,0,0,,0.2,0.5,0.7,0,0.1,0.1,0.1,0.4,1.1
63,Ignas Brazdeikis\brazdig01,SF,22,NYK,4,0,1.8,0,0.3,0,0,0,,0,0.3,0,0,0.5,0.5,1,0.3,0.3,0.5,0.3,0,0,0.3,0,0.5
64,Mikal Bridges\bridgmi01,SF,24,PHO,35,35,32.3,4.9,9.4,0.524,1.9,4.5,0.42,3,4.9,0.62,0.625,2,2.3,0.841,1.3,3.7,5.1,2.2,0.7,0.9,0.8,1.6,13.7
65,Miles Bridges\bridgmi02,PF,22,CHO,35,2,26.8,3.8,7.7,0.491,1.3,3.4,0.383,2.5,4.3,0.577,0.576,1.2,1.3,0.932,1.3,4.4,5.7,2.1,0.7,0.7,1.7,2.4,10
66,Malcolm Brogdon\brogdma01,PG,28,IND,34,34,35.6,8.1,18.1,0.447,2.4,6.4,0.378,5.7,11.8,0.485,0.514,2.6,2.9,0.897,0.8,3.9,4.6,6.2,1.2,0.2,2.1,1.9,21.2
67,Dillon Brooks\brookdi01,SF,25,MEM,29,29,29.2,6.1,15.3,0.396,1.9,5.8,0.32,4.2,9.5,0.444,0.457,1.9,2.3,0.833,1,2.2,3.1,2.6,1.4,0.5,2,3.3,15.9
68,Bruce Brown\brownbr01,PG,24,BRK,33,20,21.2,3.6,6.1,0.59,0.3,1,0.273,3.3,5.1,0.653,0.613,1.2,1.6,0.717,1.5,3.1,4.7,1.4,0.8,0.3,0.8,2.1,8.6
69,Jaylen Brown\brownja02,SG,24,BOS,33,33,33.8,9.2,18.7,0.495,2.3,5.9,0.388,6.9,12.7,0.545,0.557,3.9,5.1,0.772,1.1,4.5,5.6,3.9,1.1,0.5,2.8,2.9,24.7
70,Moses Brown\brownmo01,C,21,OKC,7,0,4.4,1,1.4,0.7,0,0,,1,1.4,0.7,0.7,1,2,0.5,0.6,1.6,2.1,0.4,0.1,0.6,0.1,0.6,3
71,Sterling Brown\brownst02,SG,25,HOU,32,2,22.3,2.7,6.1,0.439,1.6,4,0.402,1.1,2.2,0.507,0.569,0.4,0.5,0.933,0.7,3.5,4.2,1.7,1,0.2,0.8,2,7.4
72,Troy Brown Jr.\browntr01,SF,21,WAS,17,0,13.6,1.5,4.2,0.366,0.6,2.2,0.289,0.9,1.9,0.455,0.444,0.4,0.7,0.583,0.5,2.5,3,0.8,0.1,0.1,0.7,1.5,4.1
73,Jalen Brunson\brunsja01,PG,24,DAL,30,7,24.9,4.6,8.7,0.531,1.3,3.2,0.402,3.3,5.5,0.606,0.605,2.1,2.5,0.853,0.2,3.3,3.5,3.4,0.5,0,1.3,1.5,12.7
74,Thomas Bryant\bryanth01,C,23,WAS,10,10,27.1,5.9,9.1,0.648,0.9,2.1,0.429,5,7,0.714,0.698,1.6,2.4,0.667,1.8,4.3,6.1,1.5,0.4,0.8,1.1,3.1,14.3
75,Reggie Bullock\bullore01,SF,29,NYK,32,32,26.3,3.1,7.6,0.406,1.7,4.6,0.372,1.4,3,0.458,0.518,0.6,0.8,0.833,0.3,3.1,3.4,1.3,0.6,0.2,0.7,2.2,8.5
76,Trey Burke\burketr01,PG,28,DAL,33,0,16.3,2.8,6.2,0.449,1.2,3.2,0.394,1.5,3.1,0.505,0.549,0.8,0.9,0.871,0.1,0.9,1,1.6,0.7,0.1,0.6,1.2,7.6
77,Alec Burks\burksal01,SG,29,NYK,25,3,24.7,3.7,9.1,0.405,1.9,4.7,0.402,1.8,4.4,0.409,0.509,1.9,2.2,0.839,0.5,3.8,4.3,2,0.7,0.2,1.1,1.9,11.1
78,Jimmy Butler\butleji01,SF,31,MIA,22,22,33.1,6.5,14.3,0.454,0.4,1.5,0.235,6.1,12.8,0.48,0.467,7.2,8.3,0.863,2,5.5,7.5,7.8,1.9,0.4,2.3,1.2,20.5
79,Bruno Caboclo\cabocbr01,PF,25,HOU,6,0,6,1.3,2.8,0.471,0,0.8,0,1.3,2,0.667,0.471,0.2,0.3,0.5,0.5,1.8,2.3,0.2,0,0.3,0.7,1,2.8
80,Devontae Cacok\cacokde01,PF,24,LAL,4,0,4.3,1,1,1,0,0,,1,1,1,1,0,0.5,0,0.3,1,1.3,0,0.5,0,0.5,0,2
81,Kentavious Caldwell-Pope\caldwke01,SG,27,LAL,33,33,26.2,3,6.8,0.438,1.5,3.8,0.402,1.4,2.9,0.485,0.551,1.2,1.4,0.848,0.5,1.9,2.4,1.4,0.8,0.3,1,1.7,8.7
82,Facundo Campazzo\campafa01,PG,29,DEN,30,1,16.3,1.7,4.2,0.405,1.1,2.9,0.379,0.6,1.3,0.462,0.536,1,1.2,0.811,0.2,0.9,1,2.1,1,0.2,0.8,1.9,5.5
83,Vlatko Čančar\cancavl01,PF,23,DEN,20,0,6.1,0.6,1.4,0.393,0.2,0.7,0.214,0.4,0.7,0.571,0.446,0.3,0.3,0.833,0.2,1.2,1.4,0.3,0.4,0.1,0.5,0.6,1.5
84,Clint Capela\capelca01,C,26,ATL,32,32,29.7,6.5,11,0.589,0,0,,6.5,11,0.589,0.589,1.7,3.1,0.55,5,9.2,14.2,0.9,0.8,2.2,1.4,2.3,14.7
85,Vernon Carey Jr.\careyve01,C,19,CHO,3,0,2,0.3,1,0.333,0,0.3,0,0.3,0.7,0.5,0.333,0.3,0.7,0.5,0.7,0.3,1,0.3,0,0.3,0,0,1
86,Jevon Carter\carteje01,PG,25,PHO,29,0,10,1,2.9,0.357,0.6,2,0.298,0.4,0.9,0.481,0.458,0.1,0.1,1,0.1,1.2,1.3,1.2,0.4,0.2,0.2,1.1,2.7
87,Wendell Carter Jr.\cartewe01,C,21,CHI,23,23,26.9,4.6,8.6,0.535,0.3,0.9,0.35,4.3,7.7,0.556,0.553,2.7,3.7,0.733,2.1,5.7,7.8,2.3,0.7,0.8,1.9,3.2,12.3
88,Michael Carter-Williams\cartemi01,SG,29,ORL,17,12,26.5,3.4,8.5,0.403,0.5,1.8,0.258,2.9,6.6,0.442,0.431,1.7,2.2,0.763,1.6,3.2,4.8,4.1,0.6,0.5,1.9,2.9,9
89,Alex Caruso\carusal01,PG,26,LAL,29,0,19.9,2.1,5,0.428,1,2.4,0.4,1.2,2.6,0.453,0.524,0.6,0.8,0.696,0.6,2.2,2.8,2.4,1,0.2,1.1,1.8,5.8
90,Willie Cauley-Stein\caulewi01,C,27,DAL,31,10,17.3,2.3,3.6,0.625,0,0.2,0.167,2.2,3.4,0.651,0.629,1,1.5,0.646,1.3,3.3,4.5,0.8,0.3,0.7,0.5,2.4,5.5
91,Chris Chiozza\chiozch01,PG,25,BRK,15,0,9.1,1.1,3.1,0.362,0.6,1.5,0.391,0.5,1.6,0.333,0.457,0.7,0.9,0.769,0.2,0.9,1.1,2.4,0.3,0.3,0.7,0.7,3.5
92,Marquese Chriss\chrisma01,PF,23,GSW,2,0,13.5,2.5,7,0.357,0.5,2.5,0.2,2,4.5,0.444,0.393,1,2,0.5,1.5,5,6.5,1,0,1,1,1.5,6.5
93,Gary Clark\clarkga01,SF,26,ORL,30,11,19.1,1.1,3.7,0.295,0.9,3.2,0.274,0.2,0.6,0.412,0.411,0.3,0.3,0.889,1,2.2,3.2,0.8,0.4,0.2,0.5,1,3.3
94,Brandon Clarke\clarkbr01,PF,24,MEM,27,16,26.9,5.2,10.1,0.515,0.6,1.7,0.326,4.6,8.4,0.553,0.542,1.3,2,0.66,1.6,4.1,5.7,1.6,1.2,0.6,0.6,1.6,12.2
95,Jordan Clarkson\clarkjo01,SG,28,UTA,36,0,26,6.6,14.7,0.447,3.2,8.6,0.37,3.4,6.2,0.554,0.555,1.6,1.7,0.967,0.9,3.1,4,2.3,0.9,0.2,1.7,1.5,17.9
96,Nicolas Claxton\claxtni01,C,21,BRK,5,0,15.2,4,5.8,0.69,0,0.2,0,4,5.6,0.714,0.69,2,2.8,0.714,0.8,2.6,3.4,1,1,1.4,0.4,1.6,10
97,Amir Coffey\coffeam01,SG,23,LAC,20,0,7.7,1.1,2,0.525,0.6,1.1,0.524,0.5,1,0.526,0.663,0.2,0.5,0.333,0.2,0.6,0.8,0.4,0.2,0,0.4,0.6,2.8
98,John Collins\collijo01,PF,23,ATL,36,36,30.7,7,13.1,0.536,1.4,3.6,0.388,5.6,9.5,0.592,0.589,2.6,3,0.853,2.1,5.5,7.6,1.4,0.4,1,1.3,3.3,18
99,Mike Conley\conlemi01,PG,33,UTA,29,29,29.4,5.6,12.5,0.444,2.8,6.6,0.422,2.8,5.9,0.468,0.555,2.2,2.6,0.829,1,2.5,3.5,5.7,1.4,0.1,1.9,1.9,16.1
100,Pat Connaughton\connapa01,SG,28,MIL,33,0,21.1,2.4,5.3,0.443,1.4,3.5,0.393,1,1.8,0.542,0.574,0.4,0.5,0.824,0.9,3.3,4.3,1.4,0.7,0.5,0.4,1.6,6.5
101,Quinn Cook\cookqu01,PG,27,LAL,16,0,3.9,0.8,1.6,0.462,0.3,0.8,0.385,0.4,0.8,0.538,0.558,0.3,0.3,0.8,0,0.3,0.3,0.3,0.1,0.1,0.2,0.1,2.1
102,Tyler Cook\cookty01,PF,23,BRK,4,0,4.3,0.3,0.8,0.333,0,0,,0.3,0.8,0.333,0.333,0,0,,0.3,0.3,0.5,0.5,0,0,0.3,0.5,0.5
103,DeMarcus Cousins\couside01,C,30,HOU,25,11,20.2,3.2,8.4,0.376,1.6,4.6,0.336,1.6,3.8,0.426,0.469,1.8,2.4,0.746,1.2,6.4,7.6,2.4,0.8,0.7,1.6,3,9.6
104,Robert Covington\covinro01,PF,30,POR,33,33,31.9,2.8,7.4,0.374,1.7,5.2,0.333,1,2.2,0.472,0.492,0.7,0.8,0.821,0.8,5.8,6.6,1.7,1.6,1.2,1.2,2.6,7.9
105,Torrey Craig\craigto01,SF,30,MIL,17,0,11.4,1,2.5,0.395,0.5,1.2,0.381,0.5,1.3,0.409,0.488,0.1,0.1,0.5,0.8,1.7,2.5,0.8,0.5,0.4,0.3,1.4,2.5
106,Jae Crowder\crowdja01,PF,30,PHO,32,19,27.6,3.4,8.5,0.402,2.4,6.4,0.376,1,2.1,0.485,0.544,0.9,1.1,0.829,0.4,4.6,5,2.1,0.8,0.3,0.9,1.8,10.1
107,Jarrett Culver\culveja01,SG,21,MIN,19,7,19.8,2.8,6.7,0.422,0.4,1.8,0.229,2.4,4.9,0.495,0.453,1.1,1.8,0.6,1.6,3.2,4.7,0.8,0.6,0.4,1.2,2.1,7.2
108,Seth Curry\curryse01,SG,30,PHI,28,28,29.9,4.4,9.4,0.469,2,4.5,0.448,2.4,4.9,0.489,0.576,1.7,1.9,0.923,0.2,1.8,2,2.8,0.9,0.3,1.5,1.7,12.5
109,Stephen Curry\curryst01,PG,32,GSW,35,35,34.1,9.8,20.5,0.478,4.8,11.7,0.411,5,8.8,0.567,0.595,5.3,5.6,0.934,0.5,5,5.5,6.3,1.3,0.1,3.2,1.8,29.7
110,Anthony Davis\davisan02,PF,27,LAL,23,23,32.8,8.9,16.7,0.533,0.7,2.5,0.293,8.1,14.1,0.575,0.555,4,5.7,0.715,2,6.3,8.4,3,1.3,1.8,2,1.8,22.5
111,Ed Davis\davised01,C,31,MIN,19,7,13.9,0.9,2.3,0.419,0,0,,0.9,2.3,0.419,0.419,0.4,0.4,0.875,2,3.1,5.1,1,0.5,0.5,0.3,2.6,2.3
112,Terence Davis\daviste02,SG,23,TOR,30,3,14.7,2.6,6.2,0.422,1.3,3.7,0.364,1.3,2.6,0.506,0.529,0.5,0.6,0.889,0.3,1.6,1.9,1.1,0.5,0.2,0.8,1.5,7.1
113,DeMar DeRozan\derozde01,PF,31,SAS,29,29,33.8,6.7,13.8,0.484,0.6,1.8,0.308,6.1,12,0.51,0.504,6,6.8,0.893,0.8,4.1,4.9,7.2,0.9,0.3,1.7,1.9,20
114,Hamidou Diallo\diallha01,SG,22,OKC,32,5,23.8,4.5,9.3,0.481,0.4,1.3,0.293,4.1,8,0.512,0.502,2.6,4.1,0.629,1.2,4,5.2,2.4,1,0.4,1.5,2.6,11.9
115,Gorgui Dieng\dienggo01,C,31,MEM,22,1,16.9,2.5,4.9,0.519,1,2.2,0.479,1.5,2.7,0.55,0.625,1.7,2,0.884,1.3,3.2,4.5,1.3,0.8,0.6,1,1.7,7.9
116,Spencer Dinwiddie\dinwisp01,SG,27,BRK,3,3,21.3,2,5.3,0.375,0.7,2.3,0.286,1.3,3,0.444,0.438,2,2,1,0,4.3,4.3,3,0.7,0.3,1.7,1.3,6.7
117,Donte DiVincenzo\divindo01,SG,24,MIL,36,36,26.7,3.9,9.3,0.418,1.9,4.9,0.384,2,4.4,0.456,0.519,0.6,0.9,0.636,1.2,3.5,4.7,3,1.1,0.2,1.2,1.5,10.3
118,Luka Dončić\doncilu01,PG,21,DAL,32,32,35.2,10,20.9,0.478,2.7,7.4,0.357,7.3,13.4,0.544,0.541,6,8,0.757,0.8,7.6,8.4,9,1,0.7,4.2,2,28.6
119,Luguentz Dort\dortlu01,SG,21,OKC,35,35,29.7,4.3,11,0.388,1.9,6,0.325,2.3,5,0.463,0.477,1.9,2.5,0.75,0.7,2.8,3.5,1.5,0.9,0.3,1.5,2.4,12.3
120,Damyean Dotson\dotsoda01,SG,26,CLE,30,6,18.8,2.6,6.6,0.401,1,3.5,0.279,1.7,3.1,0.538,0.475,0.6,0.9,0.692,0.1,1.6,1.8,2.2,0.4,0.1,0.8,0.9,6.8
121,Devon Dotson\dotsode01,PG,21,CHI,1,0,10,2,4,0.5,0,0,,2,4,0.5,0.5,0,0,,0,1,1,0,0,0,0,1,4
122,Sekou Doumbouya\doumbse01,PF,20,DET,32,2,13.7,1.6,4.4,0.355,0.5,1.9,0.25,1.1,2.5,0.432,0.408,0.6,0.8,0.731,0.5,1.8,2.3,0.7,0.4,0.1,0.6,1.6,4.2
123,PJ Dozier\doziepj01,SG,24,DEN,21,0,19.4,2.8,6,0.457,1,2.4,0.392,1.8,3.6,0.5,0.535,1.1,1.8,0.605,0.9,3,3.9,1.7,0.5,0.6,0.8,1.7,7.6
124,Goran Dragić\dragigo01,PG,34,MIA,22,8,27.1,5.3,11.5,0.458,1.6,4.4,0.361,3.7,7.1,0.519,0.528,2.6,3.1,0.841,0.3,2.8,3.1,4.8,0.6,0.2,2.8,2.6,14.8
125,Andre Drummond\drumman01,C,27,CLE,25,25,28.9,7.2,15.2,0.474,0,0.3,0,7.2,14.9,0.484,0.474,3.1,5.2,0.597,4,9.4,13.5,2.6,1.6,1.2,3.2,2.8,17.5
126,Jared Dudley\dudleja01,PF,35,LAL,11,0,6.9,0.2,0.6,0.286,0.2,0.5,0.4,0,0.2,0,0.429,0,0,,0.4,1.4,1.7,0.5,0.1,0.1,0.2,0.6,0.5
127,Kevin Durant\duranke01,PF,32,BRK,19,18,35.7,9.9,18.9,0.524,2.6,5.9,0.434,7.3,12.9,0.565,0.592,6.6,7.6,0.869,0.4,6.9,7.3,5.3,0.7,1.4,3.5,2.3,29
128,Anthony Edwards\edwaran01,SG,19,MIN,36,19,29.1,5.5,14.9,0.371,1.9,6.3,0.302,3.6,8.7,0.42,0.434,1.9,2.4,0.805,0.7,3.3,4,2.5,0.9,0.4,1.8,1.5,14.9
129,Carsen Edwards\edwarca01,SG,22,BOS,14,1,10.5,2.1,4.5,0.46,0.8,2.4,0.324,1.3,2.1,0.621,0.548,0.5,0.6,0.778,0.1,0.9,1,0.4,0.3,0.1,0.1,1.1,5.4
130,CJ Elleby\ellebcj01,SF,20,POR,13,0,8.1,1.1,2.4,0.452,0.4,1.5,0.263,0.7,0.9,0.75,0.532,0.5,0.7,0.667,0.3,0.8,1.1,0.2,0.3,0.2,0.2,1.4,3
131,Wayne Ellington\ellinwa01,SG,33,DET,28,24,23.2,3.7,8.1,0.454,2.8,6.4,0.433,0.9,1.8,0.531,0.623,0.7,1,0.741,0.3,1.4,1.7,1.4,0.5,0.2,0.7,1.5,10.8
132,Joel Embiid\embiijo01,C,26,PHI,30,30,33,9.5,18.2,0.521,1.2,3,0.416,8.3,15.3,0.541,0.555,9.9,11.6,0.856,2.2,9.4,11.6,3.3,1.2,1.4,3.2,2.5,30.2
133,James Ennis\ennisja01,SF,30,ORL,24,23,21.4,2.5,5,0.5,0.9,2,0.447,1.6,3,0.534,0.588,1.4,1.8,0.786,1.1,2.8,3.9,1.3,0.8,0.3,0.9,2.2,7.3
134,Drew Eubanks\eubandr01,C,23,SAS,15,0,12,1.4,3.4,0.412,0,0,,1.4,3.4,0.412,0.412,0.9,1.3,0.7,0.6,2.5,3.1,0.6,0.1,1.1,0.5,1.3,3.7
135,Dante Exum\exumda01,SG,25,CLE,6,3,19.3,1.7,4.3,0.385,0.3,1.8,0.182,1.3,2.5,0.533,0.423,0.2,0.3,0.5,0.3,2.5,2.8,2.2,0.7,0.3,1.2,1.5,3.8
136,Tacko Fall\fallta01,C,25,BOS,8,0,7.1,1.1,1.6,0.692,0,0,,1.1,1.6,0.692,0.692,0.4,1,0.375,1,1.6,2.6,0.1,0,1.3,0.1,1.3,2.6
137,Derrick Favors\favorde01,C,29,UTA,34,0,16.2,2.5,3.9,0.649,0,0,0,2.5,3.8,0.654,0.649,1.3,1.7,0.789,1.9,3.6,5.5,0.8,0.5,0.9,0.6,2.4,6.3
138,Cristiano Felício\feliccr01,C,28,CHI,6,0,6.3,0.5,0.7,0.75,0,0,,0.5,0.7,0.75,0.75,0.8,1.3,0.625,1,1,2,0.8,0.3,0,0.5,0.5,1.8
139,Terrance Ferguson\fergute01,SG,22,PHI,9,0,3.8,0.1,0.6,0.2,0,0.3,0,0.1,0.2,0.5,0.2,0,0,,0,0.1,0.1,0.2,0,0,0.3,0.6,0.2
140,Bruno Fernando\fernabr01,C,22,ATL,18,0,8.4,0.6,1.4,0.44,0,0.1,0,0.6,1.3,0.478,0.44,0.5,0.8,0.6,0.7,2.6,3.3,0.5,0.1,0.1,0.8,0.9,1.7
141,Yogi Ferrell\ferreyo01,PG,27,CLE,2,0,20,4,10.5,0.381,1.5,4.5,0.333,2.5,6,0.417,0.452,0,1,0,1.5,2,3.5,2.5,1.5,0.5,1.5,2,9.5
142,Dorian Finney-Smith\finnedo01,PF,27,DAL,25,25,31.5,3.1,7.2,0.428,1.6,4.8,0.345,1.4,2.4,0.59,0.542,0.4,0.5,0.833,1.4,3.7,5.1,1.4,1,0.4,0.6,2.7,8.2
143,Malachi Flynn\flynnma01,PG,22,TOR,15,0,8.3,0.8,3,0.267,0.3,1.7,0.192,0.5,1.3,0.368,0.322,0.3,0.4,0.667,0.1,0.7,0.7,1.1,0.3,0,0.3,0.8,2.2
144,Bryn Forbes\forbebr01,SG,27,MIL,36,6,18.8,3.4,7.2,0.467,2,4.5,0.448,1.3,2.7,0.5,0.608,0.6,0.8,0.741,0.2,1.1,1.3,0.6,0.2,0,0.5,1.1,9.3
145,Trent Forrest\forretr01,PG,22,UTA,7,0,2.9,0,0.4,0,0,0.3,0,0,0.1,0,0,0.3,0.3,1,0,0.3,0.3,0.6,0.3,0,0.1,0.3,0.3
146,Evan Fournier\fournev01,SF,28,ORL,21,21,29.2,6,13.4,0.45,2.5,6.7,0.371,3.6,6.8,0.528,0.543,4,5,0.79,0.2,2.9,3.1,3.8,1,0.3,2.1,2,18.5
147,De'Aaron Fox\foxde01,PG,23,SAC,35,35,34.2,8.4,18,0.466,1.8,5.3,0.342,6.5,12.6,0.518,0.517,4.5,6.6,0.672,0.7,2.6,3.2,7.6,1.2,0.5,3.3,2.9,23
148,Tim Frazier\fraziti01,PG,30,MEM,3,0,11,0.7,2.7,0.25,0,0.7,0,0.7,2,0.333,0.25,0,0,,0,1.3,1.3,2.3,0.3,0,1,1.3,1.3
149,Markelle Fultz\fultzma01,PG,22,ORL,8,8,26.9,5.1,13,0.394,0.5,2,0.25,4.6,11,0.42,0.413,2.1,2.4,0.895,0.6,2.5,3.1,5.4,1,0.3,2.3,2.3,12.9
150,Wenyen Gabriel\gabriwe01,PF,23,NOP,4,0,3,0,0.8,0,0,0.3,0,0,0.5,0,0,0,0,,0.3,1,1.3,0.3,0,0,0,0,0
151,Daniel Gafford\gaffoda01,PF,22,CHI,26,11,13.2,1.9,2.9,0.667,0,0,,1.9,2.9,0.667,0.667,1,1.5,0.667,1.3,1.8,3.2,0.6,0.4,1.2,0.7,1.8,4.8
152,Danilo Gallinari\gallida01,PF,32,ATL,24,2,21.9,3.4,8.6,0.391,2,5,0.388,1.4,3.6,0.395,0.505,3,3.2,0.934,0.2,3.2,3.4,1.5,0.5,0.1,1.1,1.9,11.7
153,Langston Galloway\gallola01,SG,29,PHO,25,0,10.5,1.5,3.3,0.463,0.8,1.8,0.457,0.7,1.4,0.472,0.591,0.6,0.6,1,0.2,0.9,1,0.6,0.2,0,0.3,0.6,4.5
154,Darius Garland\garlada01,PG,21,CLE,28,25,32.9,6.4,14.5,0.44,1.7,4.5,0.384,4.7,10.1,0.465,0.499,1.6,1.9,0.849,0.5,1.8,2.2,5.9,1.2,0.1,2.9,2.2,16.1
155,Marc Gasol\gasolma01,C,36,LAL,35,35,20.1,1.5,3.8,0.403,0.9,2.4,0.365,0.7,1.4,0.469,0.519,0.8,1,0.806,0.7,3.4,4.1,2,0.5,1.3,0.9,2.3,4.8
156,Rudy Gay\gayru01,PF,34,SAS,26,0,22,4.2,9.9,0.419,1.6,4.3,0.366,2.6,5.6,0.459,0.498,1.3,1.7,0.767,0.9,4.3,5.2,1.5,0.7,0.5,1.2,1.8,11.2
157,Paul George\georgpa01,SF,30,LAC,27,27,33.5,8.3,16.7,0.499,3.5,7.8,0.45,4.8,8.9,0.542,0.604,3.5,4,0.888,0.9,5.2,6.1,5.4,1.1,0.5,3.4,2.3,23.7
158,Taj Gibson\gibsota01,PF,35,NYK,12,0,15.1,1.5,2.6,0.581,0.2,0.6,0.286,1.3,2,0.667,0.613,0.6,1,0.583,1.5,2.8,4.3,0.5,0.4,0.3,0.6,1.9,3.8
159,Harry Giles\gilesha01,C,22,POR,22,0,11.8,1.2,2.8,0.419,0.1,0.4,0.375,1,2.5,0.426,0.444,0.6,0.8,0.722,1.1,3.8,4.9,0.9,0.2,0.4,0.7,2,3.1
160,Shai Gilgeous-Alexander\gilgesh01,SG,22,OKC,30,30,34,8,15.6,0.511,2,4.9,0.412,5.9,10.7,0.556,0.576,5.3,6.6,0.794,0.6,4.5,5.1,6.2,0.8,0.7,2.9,2,23.2
161,Anthony Gill\gillan01,PF,28,WAS,12,1,5.6,0.3,0.8,0.3,0.1,0.6,0.143,0.2,0.3,0.667,0.35,0.3,0.3,0.75,0.3,1.3,1.6,0.3,0.3,0.2,0.3,0.3,0.8
162,Rudy Gobert\goberru01,C,28,UTA,36,36,30.7,5.4,8.5,0.641,0,0,0,5.4,8.5,0.643,0.641,3.3,5.5,0.599,3.3,9.8,13.1,1.3,0.5,2.7,1.8,2.3,14.2
163,Brandon Goodwin\goodwbr01,PG,25,ATL,24,0,12,1.5,4.4,0.33,0.6,2.2,0.283,0.8,2.2,0.377,0.401,0.7,1,0.708,0.1,1,1.1,1.8,0.4,0,0.5,1,4.3
164,Aaron Gordon\gordoaa01,PF,25,ORL,19,19,29.1,4.8,11.2,0.427,1.6,4.4,0.369,3.2,6.8,0.465,0.5,2.6,4.2,0.613,1.7,5.5,7.2,4.2,0.7,0.8,2.8,2,13.8
165,Eric Gordon\gordoer01,SG,32,HOU,26,12,29.3,5.9,13.5,0.437,2.5,7.7,0.328,3.3,5.7,0.584,0.531,3.5,4.2,0.836,0.3,1.9,2.2,2.7,0.5,0.5,1.9,1.6,17.8
166,Devonte' Graham\grahade01,PG,25,CHO,25,25,32.8,4.4,12.4,0.352,2.8,8.1,0.347,1.6,4.3,0.361,0.465,2.2,2.8,0.775,0.6,2.4,3,5.7,1,0,1.4,1.5,13.7
167,Jerami Grant\grantje01,SF,26,DET,33,33,36.2,7.7,17.8,0.433,2.5,6.8,0.363,5.2,11,0.477,0.503,5.6,6.3,0.889,0.7,4.6,5.3,2.9,0.8,1.1,1.9,2.7,23.4
168,Danny Green\greenda02,SF,33,PHI,36,36,28.3,2.9,7.5,0.393,2.2,5.9,0.376,0.7,1.6,0.456,0.541,0.4,0.6,0.65,0.9,2.7,3.6,1.7,1.3,0.8,1.3,1.8,8.5
169,Draymond Green\greendr01,PF,30,GSW,31,31,29.6,2.2,5.6,0.391,0.5,1.9,0.237,1.7,3.7,0.47,0.431,0.9,1.2,0.711,0.7,5.3,6.1,8.6,1.4,0.7,2.7,3.2,5.7
170,JaMychal Green\greenja01,PF,30,DEN,25,4,20.5,3.2,7.2,0.444,1.6,3.8,0.427,1.6,3.4,0.464,0.558,1.1,1.3,0.844,1.6,4.4,6,1,0.6,0.3,1,2.7,9.1
171,Javonte Green\greenja02,SG,27,BOS,22,2,15,1.8,3.2,0.549,0.3,1,0.318,1.5,2.2,0.653,0.599,0.9,1.4,0.667,0.9,1.4,2.3,0.5,0.8,0.1,0.5,1.3,4.8
172,Jeff Green\greenje02,C,34,BRK,33,16,26.4,3.4,6.8,0.507,1.5,3.5,0.422,1.9,3.2,0.598,0.617,1.2,1.5,0.796,0.5,3.1,3.6,1.4,0.7,0.2,0.8,1.9,9.5
173,Josh Green\greenjo02,SG,20,DAL,17,5,12.5,1,2.1,0.472,0.1,0.7,0.167,0.9,1.4,0.625,0.5,0.4,0.6,0.545,0.7,1.6,2.3,0.6,0.2,0.1,0.6,0.9,2.5
174,Blake Griffin\griffbl01,PF,31,DET,20,20,31.3,4.1,11.1,0.365,2,6.2,0.315,2.1,4.9,0.429,0.453,2.2,3.1,0.71,0.4,4.9,5.2,3.9,0.7,0.1,1.6,2.1,12.3
175,Kyle Guy\guyky01,PG,23,SAC,14,0,8.2,1,3.1,0.318,0.4,1.7,0.25,0.6,1.4,0.4,0.386,0.5,0.6,0.875,0.2,0.8,1,1.1,0.3,0,0.2,0.6,2.9
176,Rui Hachimura\hachiru01,PF,22,WAS,27,27,30.1,4.5,9.9,0.457,0.8,2.6,0.304,3.7,7.3,0.51,0.496,2.7,3.5,0.758,1.1,4.4,5.4,1.7,0.7,0.1,1,2.3,12.5
177,Ashton Hagans\haganas01,PG,21,MIN,2,0,2,0,0,,0,0,,0,0,,,0,0,,0,0,0,0,0,0,0.5,0,0
178,Tyrese Haliburton\halibty01,PG,20,SAC,30,2,30.1,5.1,10.3,0.494,2.4,5.5,0.433,2.7,4.9,0.562,0.608,0.7,0.8,0.833,1,2.6,3.6,5.4,1.4,0.6,1.5,1.2,13.2
179,Josh Hall\halljo01,SF,20,OKC,7,0,7.3,0.6,2.6,0.222,0.1,1.1,0.125,0.4,1.4,0.3,0.25,0.4,1,0.429,0.1,1.1,1.3,1,0,0,0.6,1,1.7
180,R.J. Hampton\hamptrj01,PG,19,DEN,24,0,9.2,1,2.4,0.414,0.2,0.8,0.278,0.8,1.7,0.475,0.457,0.3,0.4,0.7,0.4,1.5,2,0.5,0.2,0.1,0.5,0.9,2.5
181,Tim Hardaway Jr.\hardati02,SG,28,DAL,33,17,29.5,5.8,13.2,0.438,2.9,7.6,0.385,2.8,5.5,0.511,0.55,2,2.5,0.802,0.4,2.8,3.2,1.7,0.6,0.2,0.9,1.5,16.4
182,James Harden\hardeja01,PG-SG,31,TOT,31,31,37.8,8.1,16.7,0.484,3.3,8.1,0.401,4.8,8.5,0.562,0.581,5.9,6.9,0.859,0.8,7,7.8,11.1,1.2,0.7,4.2,2.2,25.3
182,James Harden\hardeja01,SG,31,HOU,8,8,36.3,7.5,16.9,0.444,3.1,9,0.347,4.4,7.9,0.556,0.537,6.6,7.5,0.883,0.6,4.5,5.1,10.4,0.9,0.8,4.3,1.8,24.8
182,James Harden\hardeja01,PG,31,BRK,23,23,38.4,8.3,16.6,0.497,3.3,7.8,0.422,5,8.8,0.564,0.597,5.7,6.7,0.85,0.9,7.8,8.7,11.4,1.3,0.7,4.2,2.3,25.5
183,Maurice Harkless\harklma01,SF,27,MIA,10,3,10.9,0.4,1,0.4,0.4,0.8,0.5,0,0.2,0,0.6,0,0.2,0,0.1,0.8,0.9,0.7,0.2,0.3,0.2,1.2,1.2
184,Jared Harper\harpeja01,PG,23,NYK,2,0,2.5,0,0.5,0,0,0,,0,0.5,0,0,1,1,1,0,0,0,0,0,0,1,0,1
185,Montrezl Harrell\harremo01,C,27,LAL,37,1,24.1,5.6,9,0.626,0,0.2,0,5.6,8.9,0.637,0.626,2.5,3.3,0.756,2.4,4,6.4,1.1,0.6,0.7,1.1,2.1,13.8
186,Gary Harris\harriga01,SG,26,DEN,19,19,30.6,3.6,8.2,0.442,1.3,3.9,0.32,2.4,4.3,0.556,0.519,1.2,1.6,0.733,0.7,1.8,2.5,1.7,0.9,0.2,0.7,1.9,9.7
187,Jalen Harris\harrija01,SG,22,TOR,2,0,2,0,0,,0,0,,0,0,,,0,0,,0.5,0,0.5,0,0,0,0.5,1,0
188,Joe Harris\harrijo01,SF,29,BRK,37,33,30.9,5.4,10.2,0.53,3.4,6.7,0.506,2,3.5,0.577,0.697,0.6,0.8,0.7,0.5,3,3.5,1.8,0.5,0.2,0.8,2.2,14.8
189,Tobias Harris\harrito02,PF,28,PHI,31,31,34.4,7.8,15.2,0.513,1.6,4.1,0.402,6.1,11.1,0.554,0.567,3,3.4,0.887,1.2,6.4,7.6,3.4,0.8,0.8,1.9,2.1,20.2
190,Shaquille Harrison\harrish01,SG,27,UTA,17,0,3.3,0.4,1.2,0.3,0,0.1,0,0.4,1.1,0.333,0.3,0.3,0.4,0.833,0.2,0.4,0.5,0.5,0.1,0,0.3,0.2,1
191,Josh Hart\hartjo01,SF,25,NOP,36,3,28.7,3.2,7.1,0.447,1.4,4.1,0.333,1.8,3,0.602,0.543,1.5,1.9,0.757,1.1,6.3,7.3,2.1,0.8,0.3,0.8,2.4,9.2
192,Isaiah Hartenstein\harteis01,C,22,DEN,26,0,9.3,1.5,2.9,0.513,0,0,,1.5,2.9,0.513,0.513,0.8,1.3,0.588,1.4,1.4,2.8,0.5,0.4,0.6,0.7,2,3.8
193,Jaxson Hayes\hayesja02,C,20,NOP,25,1,12.4,1.8,2.7,0.676,0,0,,1.8,2.7,0.676,0.676,0.8,1.2,0.655,1.2,2.3,3.6,0.4,0.4,0.5,0.6,1.8,4.4
194,Killian Hayes\hayeski01,PG,19,DET,7,7,21.1,1.9,6.7,0.277,0.7,2.9,0.25,1.1,3.9,0.296,0.33,0.1,0.3,0.5,0.1,1,1.1,3.6,0.3,0,2.4,2.1,4.6
195,Gordon Hayward\haywago01,SF,30,CHO,31,31,34.8,7.9,16.2,0.487,2.1,5.1,0.405,5.8,11.1,0.525,0.551,3.7,4.3,0.857,0.9,4.5,5.4,3.9,1.3,0.4,2,1.8,21.5
196,Juan Hernangómez\hernaju01,PF,25,MIN,17,6,15.9,2.1,5.3,0.4,0.9,3.1,0.302,1.2,2.2,0.541,0.489,0.8,1.1,0.684,0.8,3.6,4.4,0.6,0.4,0.1,0.4,0.8,5.9
197,Willy Hernangómez\hernawi01,C,26,NOP,20,2,18,3,5.5,0.545,0.1,0.3,0.2,3,5.3,0.562,0.55,1.2,1.8,0.667,2.7,4.3,7,1.3,0.4,0.5,0.6,1.4,7.3
198,Tyler Herro\herroty01,SG,21,MIA,25,14,32.7,6,13.8,0.438,2,5.8,0.347,4,8,0.502,0.51,1.8,2.3,0.772,0.4,5.3,5.7,3.6,0.6,0.4,2.4,1.6,15.8
199,Buddy Hield\hieldbu01,SG,28,SAC,36,36,34.8,5.5,14.1,0.391,3.9,10.3,0.378,1.6,3.8,0.423,0.529,1.5,1.8,0.844,0.3,4.2,4.5,3.2,0.8,0.3,1.8,2.7,16.4
200,George Hill\hillge01,PG,34,OKC,14,14,26.4,4.4,8.6,0.508,1.6,4.1,0.386,2.8,4.5,0.619,0.6,1.5,1.8,0.84,0.6,1.5,2.1,3.1,0.9,0.1,0.9,0.9,11.8
201,Solomon Hill\hillso01,PF,29,ATL,36,1,19.1,1.5,4.1,0.356,1,3.1,0.318,0.5,1.1,0.462,0.473,0.4,0.5,0.882,0.5,1.8,2.3,0.9,0.7,0.2,0.6,1.6,4.3
202,Nate Hinton\hintona01,SG,21,DAL,6,0,3.2,0.5,2.2,0.231,0.2,0.8,0.2,0.3,1.3,0.25,0.269,0.2,0.3,0.5,0,0,0,0,0.2,0.2,0.3,0.2,1.3
203,Aaron Holiday\holidaa01,PG,24,IND,35,6,19.1,2.7,7.3,0.371,1.1,3.1,0.352,1.6,4.2,0.385,0.445,0.8,1.1,0.725,0.2,1.1,1.3,1.8,0.6,0.1,0.8,1.8,7.3
204,Jrue Holiday\holidjr01,PG,30,MIL,26,23,31,6.1,12.5,0.491,1.7,4.7,0.364,4.4,7.8,0.567,0.559,1.4,1.8,0.766,1.2,3.2,4.3,5.1,1.8,0.5,1.6,1.7,15.3
205,Justin Holiday\holidju01,SG,31,IND,35,26,32.3,4,8.7,0.459,2.5,6.1,0.414,1.4,2.5,0.568,0.606,1.2,1.4,0.82,0.6,3.3,4,1.7,1.2,0.4,0.8,2.2,11.7
206,Richaun Holmes\holmeri01,C,27,SAC,32,32,29.4,5.6,8.6,0.651,0,0.2,0.167,5.6,8.4,0.662,0.653,1.8,2.3,0.806,2.5,5.8,8.3,1.7,0.7,1.5,1.3,4,13
207,Rodney Hood\hoodro01,SF,28,POR,30,5,19.2,2.1,5.6,0.369,0.7,2.2,0.299,1.4,3.4,0.416,0.429,0.2,0.3,0.625,0.3,1.4,1.7,1.1,0.6,0.1,0.8,1.4,5
208,Al Horford\horfoal01,C,34,OKC,24,24,28.2,5.8,13,0.442,2,5.5,0.356,3.8,7.5,0.506,0.518,0.6,0.8,0.778,1,5.7,6.7,3.5,0.9,0.9,1.1,1.8,14
209,Talen Horton-Tucker\hortota01,SG,20,LAL,33,1,17.5,2.8,6.5,0.441,0.5,1.9,0.286,2.3,4.5,0.507,0.484,1,1.2,0.821,0.3,2.1,2.4,2,0.8,0.6,1.3,2.1,7.2
210,Danuel House\houseda01,SF,27,HOU,22,12,27.4,3.1,8.4,0.375,1.5,5,0.312,1.6,3.4,0.467,0.467,1.3,1.7,0.757,0.7,3.2,4,1.9,0.6,0.5,1,2,9.1
211,Dwight Howard\howardw01,C,35,PHI,36,4,15.9,2.3,3.8,0.587,0.1,0.3,0.364,2.1,3.5,0.606,0.601,1.5,2.8,0.53,2.5,4.8,7.3,0.8,0.4,0.9,1.7,2.9,6.1
212,Markus Howard\howarma02,SG,21,DEN,17,0,3.2,0.4,1.8,0.194,0.2,1.3,0.136,0.2,0.5,0.333,0.242,0.1,0.1,0.5,0,0.3,0.3,0.4,0.1,0,0.2,0.4,0.9
213,Kevin Huerter\huertke01,SG,22,ATL,36,25,32.1,4.6,10.8,0.426,2.1,5.9,0.365,2.4,4.9,0.5,0.526,0.8,0.9,0.824,0.7,2.9,3.6,3.7,1.3,0.2,1.3,2.4,12.1
214,Elijah Hughes\hugheel01,SF,22,UTA,6,0,4.5,0.8,2.5,0.333,0.5,1.7,0.3,0.3,0.8,0.4,0.433,0.5,0.7,0.75,0,0.7,0.7,0.5,0.2,0.2,0.7,0,2.7
215,De'Andre Hunter\huntede01,SF,23,ATL,18,18,32.2,6,11.7,0.514,1.7,4.6,0.366,4.3,7.1,0.609,0.586,3.6,4.1,0.877,0.9,4.5,5.4,2.2,0.9,0.5,1.4,2.6,17.2
216,Chandler Hutchison\hutchch01,SF,24,CHI,7,0,9.1,0.7,2.6,0.278,0.1,0.4,0.333,0.6,2.1,0.267,0.306,0.3,0.3,1,0.1,2.7,2.9,0.6,0.1,0,0.7,1.3,1.9
217,Serge Ibaka\ibakase01,C,31,LAC,37,37,24,4.6,9,0.508,1,2.8,0.356,3.6,6.2,0.576,0.563,1,1.2,0.818,1.7,5,6.6,1.8,0.2,1.2,1.1,2,11.1
218,Andre Iguodala\iguodan01,SF,37,MIA,34,2,21.6,1.7,4.3,0.388,1.1,3.3,0.339,0.6,1,0.543,0.517,0.4,0.7,0.56,0.6,3.1,3.7,2.3,1.1,0.5,1.1,1.5,4.9
219,Joe Ingles\inglejo01,SF,33,UTA,32,9,26.4,4,7.7,0.522,2.5,5.3,0.465,1.5,2.3,0.653,0.684,1.1,1.2,0.895,0.4,2.9,3.3,4.4,0.5,0.3,1.6,1.8,11.5
220,Brandon Ingram\ingrabr01,SF,23,NOP,36,36,34.9,8.5,18,0.472,2.4,6.2,0.379,6.1,11.8,0.521,0.538,4.6,5.1,0.886,0.6,4.5,5.1,4.8,0.7,0.8,2.3,2,23.9
221,Kyrie Irving\irvinky01,PG,28,BRK,26,26,35.5,10.3,20.3,0.51,2.9,7.1,0.411,7.4,13.2,0.564,0.583,3.6,4.1,0.887,1.2,3.6,4.8,6,1.1,0.6,2.3,2.8,27.2
222,Wesley Iwundu\iwundwe01,SF,26,DAL,20,3,12.3,0.7,2.4,0.298,0.2,1.2,0.13,0.6,1.2,0.458,0.33,0.5,0.6,0.818,0.3,1.5,1.8,0.4,0.4,0.2,0.3,1,2
223,Frank Jackson\jacksfr01,PG,22,DET,9,0,6,0.7,2.4,0.273,0.4,1.4,0.308,0.2,1,0.222,0.364,0,0,,0,0.9,0.9,1.1,0.1,0,0.4,0.6,1.8
224,Josh Jackson\jacksjo02,SG,23,DET,32,6,24.9,4.8,11.3,0.425,1.3,4.4,0.291,3.5,6.9,0.511,0.482,2.6,3.8,0.694,1.1,3.3,4.4,1.9,0.9,0.9,2.3,2.9,13.5
225,Justin Jackson\jacksju01,SF,25,OKC,25,2,16.2,2.4,6,0.409,0.9,3.2,0.291,1.5,2.8,0.543,0.487,0.6,0.8,0.8,0.4,1.9,2.3,1.5,0.4,0,1,1,6.4
226,Reggie Jackson\jacksre01,SG,30,LAC,35,16,20.3,3.3,7.1,0.456,1.3,3.3,0.4,1.9,3.9,0.504,0.548,0.9,1.2,0.756,0.4,2.2,2.6,2.9,0.6,0.1,1,1.9,8.7
227,Justin James\jamesju01,SF,24,SAC,13,0,5.3,0.7,1.8,0.391,0.2,0.7,0.222,0.5,1.1,0.5,0.435,0.2,0.6,0.25,0.2,0.5,0.7,0.4,0.2,0.1,0.2,0.2,1.7
228,LeBron James\jamesle01,PG,36,LAL,36,36,34.6,9.7,19.1,0.509,2.4,6.7,0.358,7.3,12.4,0.591,0.572,4,5.8,0.692,0.6,7.4,8,7.8,1.1,0.6,3.8,1.6,25.8
229,DaQuan Jeffries\jeffrda01,SG,23,SAC,12,2,15.8,1.8,4.3,0.423,0.7,2,0.333,1.2,2.3,0.5,0.5,0.5,0.6,0.857,0.6,1.2,1.8,0.3,0.4,0.3,0.4,1.4,4.8
230,Ty Jerome\jeromty01,SG,23,OKC,4,0,25,3.8,7.5,0.5,1.8,4.8,0.368,2,2.8,0.727,0.617,0,0,,0.8,2,2.8,3.3,0.8,0,0.5,3.5,9.3
231,Isaiah Joe\joeis01,SG,21,PHI,20,1,12,1.5,4,0.367,1.2,3,0.383,0.3,1,0.316,0.513,0.3,0.3,1,0.3,0.9,1.2,0.8,0.4,0.2,0.3,1.1,4.3
232,Cameron Johnson\johnsca02,PF,24,PHO,34,9,24.2,3.7,8.4,0.437,2.1,5.7,0.378,1.5,2.7,0.559,0.565,0.9,1.1,0.865,0.6,2.8,3.4,1.4,0.6,0.3,0.8,1.4,10.4
233,James Johnson\johnsja01,PF,33,DAL,27,1,17.9,2.4,5.2,0.464,0.6,2.1,0.259,1.9,3,0.61,0.518,0.5,1,0.538,0.4,2.6,3.1,1.7,0.9,0.8,1,2,5.9
234,Keldon Johnson\johnske04,SF,21,SAS,29,27,29.1,5.2,11,0.472,1,3,0.326,4.2,8.1,0.526,0.516,2.7,3.5,0.782,1.6,5,6.7,2.2,0.8,0.5,1.4,2.3,14.1
235,Stanley Johnson\johnsst04,PF,24,TOR,32,2,13.8,1,2.5,0.392,0.6,1.6,0.4,0.3,0.9,0.379,0.519,0.3,0.4,0.786,0.5,1.7,2.2,1.3,0.8,0.3,0.7,1.5,2.9
236,Tyler Johnson\johnsty01,SG,28,BRK,18,1,13.9,1.6,4,0.389,1.2,2.8,0.412,0.4,1.2,0.333,0.535,0.4,0.4,1,0.2,1.5,1.7,0.9,0.3,0,0.3,0.7,4.7
237,Nikola Jokić\jokicni01,C,25,DEN,36,36,35.9,10.5,18.6,0.567,1.6,3.7,0.418,9,14.8,0.605,0.609,4.5,5.1,0.881,2.8,8.2,11,8.6,1.6,0.6,3.2,3,27.1
238,Damian Jones\jonesda03,C,25,TOT,17,1,7.4,0.8,1.2,0.619,0,0.1,0,0.8,1.2,0.65,0.619,0.5,0.8,0.615,0.5,0.8,1.4,0.2,0.1,0.5,0.4,1.5,2
238,Damian Jones\jonesda03,C,25,PHO,14,0,6.7,0.6,1.1,0.5,0,0.1,0,0.6,1.1,0.533,0.5,0.4,0.8,0.545,0.5,0.8,1.3,0.3,0.1,0.4,0.4,1.4,1.6
238,Damian Jones\jonesda03,C,25,LAL,3,1,10.3,1.7,1.7,1,0,0,,1.7,1.7,1,1,0.7,0.7,1,0.7,1,1.7,0,0,1.3,0,2,4
239,Derrick Jones Jr.\jonesde02,SF,23,POR,31,30,27,3,5.9,0.505,0.8,2.5,0.333,2.1,3.4,0.635,0.577,1.3,2,0.645,1.9,2.9,4.8,0.9,0.8,1.1,0.7,2.4,8.1
240,Mason Jones\jonesma05,SG,22,HOU,22,1,11.1,1.7,4,0.437,0.8,2.2,0.367,0.9,1.7,0.526,0.54,1.3,2,0.651,0.2,1.9,2.1,1.3,0.3,0,1.2,1,5.5
241,Tre Jones\jonestr01,PG,21,SAS,12,0,3.6,0.8,1.3,0.6,0.1,0.1,1,0.7,1.2,0.571,0.633,0.4,0.4,1,0.3,0,0.3,0.3,0,0,0.3,0.3,2
242,Tyus Jones\jonesty01,PG,24,MEM,32,8,21.6,3.5,7.8,0.442,0.8,2.7,0.294,2.7,5.2,0.518,0.492,0.5,0.6,0.85,0.5,2.1,2.5,4.6,1.3,0.1,0.9,0.4,8.3
243,DeAndre Jordan\jordade01,C,32,BRK,35,26,22.8,3.3,4.3,0.762,0,0,0,3.3,4.3,0.767,0.762,0.8,1.6,0.518,1.8,5.7,7.5,1.9,0.3,1.5,1.7,2.2,7.4
244,Cory Joseph\josepco01,PG,29,SAC,36,2,20.8,2.5,5.6,0.448,0.7,2.1,0.32,1.8,3.5,0.524,0.507,0.8,1,0.771,0.6,1.6,2.2,2.4,0.7,0.2,1,2.3,6.4
245,Mfiondu Kabengele\kabenmf01,PF,23,LAC,20,0,4.1,0.4,1.3,0.269,0.2,0.8,0.2,0.2,0.6,0.364,0.327,0.2,0.2,0.75,0.1,0.5,0.6,0.3,0.1,0.2,0.3,0.7,1
246,Frank Kaminsky\kaminfr01,C,27,PHO,27,11,15.9,2.9,6.1,0.467,1,2.3,0.419,1.9,3.8,0.495,0.545,0.6,1.1,0.586,0.8,3.1,3.9,1.7,0.3,0.4,0.5,1.4,7.3
247,Enes Kanter\kanteen01,C,28,POR,35,23,26.3,5.1,8.5,0.594,0,0,,5.1,8.5,0.594,0.594,1.8,2.4,0.75,4.2,7.7,11.9,1.1,0.5,0.7,1.2,2.7,11.9
248,Luke Kennard\kennalu01,SG,24,LAC,34,7,20.1,2.8,6,0.463,1.5,3.4,0.456,1.2,2.6,0.472,0.591,0.4,0.4,0.867,0.2,2.4,2.6,1.7,0.3,0.2,0.9,1.6,7.4
249,Maxi Kleber\klebima01,PF,29,DAL,22,16,25.9,2.2,5,0.44,1.7,3.7,0.451,0.5,1.2,0.407,0.61,1,1,0.957,0.9,4.5,5.3,1.4,0.5,0.9,0.5,2.3,7
250,Nathan Knight\knighna01,PF,23,ATL,10,0,5.8,0.9,2.3,0.391,0.3,0.9,0.333,0.6,1.4,0.429,0.457,0.7,0.8,0.875,0.8,0.7,1.5,0.1,0.2,0.3,0.5,0.7,2.8
251,Kevin Knox\knoxke01,SF,21,NYK,26,0,15.3,1.8,4.6,0.395,1.1,2.8,0.389,0.7,1.8,0.404,0.513,0.4,0.5,0.786,0.3,1.5,1.9,0.7,0.3,0.2,0.6,1.3,5.1
252,John Konchar\konchjo01,SG,24,MEM,19,0,16.2,1.5,3.5,0.424,0.4,1.2,0.304,1.1,2.3,0.488,0.477,0.8,0.9,0.889,0.9,2.6,3.6,1.2,0.9,0.3,0.4,1.4,4.2
253,Furkan Korkmaz\korkmfu01,SG,23,PHI,25,3,18.7,2.8,7.2,0.383,1.6,4.5,0.345,1.2,2.7,0.448,0.492,1,1.2,0.8,0.2,2.2,2.4,0.8,0.6,0.2,1,1.2,8
254,Luke Kornet\kornelu01,PF,25,CHI,10,0,8.3,0.9,2.6,0.346,0.6,2.2,0.273,0.3,0.4,0.75,0.462,0.2,0.2,1,0.1,1.4,1.5,0.4,0.2,0.6,0.1,0.1,2.6
255,Rodions Kurucs\kurucro01,SF-PF,22,TOT,16,0,5.7,0.4,1.5,0.25,0.2,1.1,0.176,0.2,0.4,0.429,0.313,0.1,0.1,0.5,0.1,0.8,0.9,0.4,0.4,0.3,0.6,0.5,1
255,Rodions Kurucs\kurucro01,PF,22,BRK,5,0,3.2,0.2,0.6,0.333,0.2,0.4,0.5,0,0.2,0,0.5,0,0,,0,0.6,0.6,0.4,0,0,0,0.2,0.6
255,Rodions Kurucs\kurucro01,SF,22,HOU,11,0,6.8,0.5,1.9,0.238,0.2,1.4,0.133,0.3,0.5,0.5,0.286,0.1,0.2,0.5,0.2,0.8,1,0.4,0.5,0.4,0.8,0.6,1.2
256,Kyle Kuzma\kuzmaky01,SF,25,LAL,36,11,25.9,4.5,10.1,0.444,1.8,4.9,0.365,2.7,5.2,0.519,0.533,0.7,1.1,0.632,2.1,4.6,6.7,1.1,0.4,0.6,1.5,1.8,11.5
257,Jeremy Lamb\lambje01,SG,28,IND,21,8,23.1,3.7,7.9,0.473,1.6,3.6,0.447,2.1,4.2,0.494,0.576,2.3,2.4,0.941,0.7,3,3.7,1.6,0.9,0.5,0.8,2.1,11.3
258,Zach LaVine\lavinza01,SG,25,CHI,34,34,35.6,10.3,19.6,0.525,3.5,8.1,0.435,6.8,11.5,0.588,0.615,4.6,5.4,0.857,0.7,4.5,5.2,5.1,1.1,0.4,3.9,2.6,28.7
259,Jake Layman\laymaja01,SF,26,MIN,24,4,15.5,2.5,4.8,0.513,0.6,2,0.319,1.8,2.8,0.647,0.578,0.9,1.1,0.778,0.3,1.3,1.5,0.7,0.8,0.5,0.7,1.1,6.4
260,Jalen Lecque\lecquja01,PG,20,IND,3,0,3,0.3,1.3,0.25,0,0.3,0,0.3,1,0.333,0.25,1,1,1,0.3,1,1.3,0.7,0,0,0,0,1.7
261,Damion Lee\leeda03,SG,28,GSW,37,1,19.2,2.1,4.8,0.446,1.4,3.7,0.377,0.7,1.1,0.692,0.593,0.8,0.8,0.903,0.4,3,3.4,1.4,0.7,0.1,0.5,1.5,6.4
262,Saben Lee\leesa01,PG,21,DET,15,0,15.9,2.5,4.7,0.543,0.3,0.4,0.667,2.3,4.3,0.531,0.571,1.7,2.6,0.667,0.4,1.1,1.5,2.3,0.7,0.3,0.9,1.7,7.1
263,Alex Len\lenal01,C,27,TOT,26,6,13.5,2.1,3.3,0.628,0.2,0.8,0.3,1.8,2.5,0.727,0.663,0.9,1.6,0.571,0.7,2.4,3.1,0.9,0.3,1.2,1,1.8,5.3
263,Alex Len\lenal01,C,27,TOR,7,2,10.9,0.7,1.4,0.5,0.4,0.9,0.5,0.3,0.6,0.5,0.65,0.4,0.9,0.5,0,1.6,1.6,0.4,0.1,0.9,1.1,1.4,2.3
263,Alex Len\lenal01,C,27,WAS,19,4,14.5,2.6,4,0.645,0.2,0.7,0.214,2.4,3.3,0.742,0.664,1.1,1.9,0.583,1,2.7,3.7,1.1,0.4,1.4,0.9,1.9,6.4
264,Kawhi Leonard\leonaka01,SF,29,LAC,30,30,34.6,9.6,18.7,0.511,2,5.2,0.387,7.6,13.6,0.558,0.564,5.5,6.3,0.873,0.9,5.3,6.3,4.9,1.5,0.5,1.9,1.6,26.6
265,Meyers Leonard\leoname01,C,28,MIA,3,2,9.7,1,2.3,0.429,1,2.3,0.429,0,0,,0.643,0.3,0.7,0.5,0,2.3,2.3,0.7,0,0,0.7,1.7,3.3
266,Caris LeVert\leverca01,SG,26,BRK,12,4,27.8,7.3,16.7,0.435,1.8,5.3,0.349,5.4,11.4,0.474,0.49,2.2,2.8,0.765,0.8,3.5,4.3,6,1.1,0.5,2.2,1.7,18.5
267,Kira Lewis Jr.\lewiski01,PG,19,NOP,21,0,13,2,5.1,0.389,0.6,1.9,0.333,1.4,3.3,0.42,0.449,0.6,1,0.65,0.1,0.7,0.8,1.8,0.6,0,0.4,1.2,5.2
268,Damian Lillard\lillada01,PG,30,POR,34,34,36,9.3,20.8,0.445,4.3,11.2,0.384,5,9.6,0.515,0.548,7,7.5,0.933,0.4,3.8,4.3,8,1,0.3,3.3,1.6,29.8
269,Nassir Little\littlna01,PF,20,POR,20,2,12,1.7,3.5,0.471,0.9,1.9,0.459,0.8,1.7,0.485,0.593,1.1,1.3,0.88,0.7,1.6,2.3,0.4,0.2,0.3,0.5,1.1,5.3
270,Kevon Looney\looneke01,C,24,GSW,27,10,14.9,1.6,2.7,0.595,0.1,0.2,0.333,1.6,2.5,0.618,0.608,0.6,0.8,0.762,1.8,2.4,4.2,1.6,0.4,0.3,0.6,1.9,3.9
271,Brook Lopez\lopezbr01,C,32,MIL,36,36,27.1,3.9,8.4,0.467,1.5,4.4,0.348,2.4,4,0.597,0.558,1.4,1.7,0.82,1.4,3.7,5.1,0.6,0.5,1.3,0.9,2.1,10.8
272,Robin Lopez\lopezro01,C,32,WAS,34,9,20.3,3.3,5.6,0.593,0.1,0.4,0.308,3.2,5.2,0.614,0.603,1.6,2.2,0.697,2.3,1.9,4.2,0.9,0.3,0.6,1.1,1.9,8.3
273,Kevin Love\loveke01,PF,32,CLE,2,2,23,3,9,0.333,1.5,4.5,0.333,1.5,4.5,0.333,0.417,2,2.5,0.8,1,5,6,2.5,0.5,0,1.5,0.5,9.5
274,Kyle Lowry\lowryky01,PG,34,TOR,29,29,34.6,6,13.1,0.457,2.9,7.1,0.403,3.1,6,0.52,0.566,3.1,3.7,0.858,0.8,4.7,5.5,7,1.2,0.2,2.8,3.2,18
275,Timothé Luwawu-Cabarrot\luwawti01,SF,25,BRK,34,6,19.7,2.5,6.5,0.389,1.6,4.3,0.363,1,2.2,0.44,0.509,0.6,0.8,0.769,0.5,1.8,2.4,1.3,0.7,0.1,0.7,1.9,7.2
276,Trey Lyles\lylestr01,PF,25,SAS,19,7,16.4,2.2,4.4,0.506,0.7,1.9,0.378,1.5,2.4,0.609,0.59,0.6,1,0.632,0.4,3.6,4.1,0.6,0.3,0.1,0.2,0.6,5.8
277,Thon Maker\makerth01,C,23,CLE,8,0,9.5,1.3,2.3,0.556,0,0.3,0,1.3,2,0.625,0.556,1.3,1.4,0.909,1,1.3,2.3,0.5,0.3,0.5,0.4,0.9,3.8
278,Théo Maledon\maledth01,PG,19,OKC,31,16,25.7,2.8,7,0.394,1.5,4.1,0.354,1.3,2.9,0.451,0.498,0.8,1,0.75,0.2,2.7,3,3.3,1,0.1,1.8,2.2,7.8
279,Karim Mané\maneka01,PG,20,ORL,6,0,9.3,0.2,1.5,0.111,0.2,0.3,0.5,0,1.2,0,0.167,0.7,0.7,1,0,1.7,1.7,0.2,0,0.2,0.5,0.5,1.2
280,Terance Mann\mannte01,SG,24,LAC,35,3,15.7,1.8,3.7,0.481,0.4,1,0.382,1.4,2.7,0.516,0.531,0.9,1.1,0.8,0.9,2.4,3.3,1.3,0.4,0.2,0.7,1.7,4.8
281,Nico Mannion\mannini01,PG,19,GSW,7,1,9.6,0.9,3.3,0.261,0.7,2,0.357,0.1,1.3,0.111,0.37,0.1,0.6,0.25,0,1.7,1.7,2.6,0.4,0,1,1.1,2.6
282,Boban Marjanović\marjabo01,C,32,DAL,18,1,7.8,2,4,0.5,0,0.2,0,2,3.8,0.529,0.5,0.6,0.8,0.714,1.5,2.4,3.9,0.2,0.1,0.1,0.4,0.9,4.6
283,Lauri Markkanen\markkla01,PF,23,CHI,14,14,30.4,6.8,13.2,0.514,2.9,7.2,0.396,3.9,6,0.655,0.622,2.7,3.2,0.844,0.6,5.5,6.1,0.9,0.6,0.4,1.7,2.2,19.1
284,Naji Marshall\marshna01,SF,23,NOP,3,0,2.7,0,0.7,0,0,0.3,0,0,0.3,0,0,0.3,0.7,0.5,0,0.7,0.7,0.3,0,0,0,0,0.3
285,Caleb Martin\martica02,SF,25,CHO,26,1,15.2,2.1,5.1,0.414,0.7,2.2,0.333,1.4,2.9,0.474,0.485,0.5,1,0.538,0.8,2,2.8,1.2,0.8,0.3,0.7,1,5.5
286,Cody Martin\martico01,SF,25,CHO,23,2,11.7,1.4,2.8,0.516,0.2,0.9,0.2,1.3,1.9,0.659,0.547,0.3,0.4,0.8,0.8,1.5,2.3,1,0.5,0.2,0.7,0.6,3.4
287,Kelan Martin\martike03,SF,25,IND,12,0,4,0.6,1.7,0.35,0.2,0.8,0.222,0.4,0.9,0.455,0.4,0.2,0.2,1,0.1,0.9,1,0,0.3,0,0.3,0.4,1.5
288,Kenyon Martin Jr.\martike04,SF,20,HOU,7,0,9.9,1.4,3.9,0.37,0.1,0.6,0.25,1.3,3.3,0.391,0.389,0.3,0.7,0.4,1.1,1.6,2.7,0.6,0.3,0.7,0.7,1.3,3.3
289,Frank Mason III\masonfr01,PG,26,ORL,4,1,19.8,2.3,6,0.375,0.5,1.3,0.4,1.8,4.8,0.368,0.417,1.3,1.8,0.714,0.8,2.3,3,3,0,0,1.3,1.8,6.3
290,Garrison Mathews\mathega01,SG,24,WAS,28,12,16.2,1.9,4.5,0.421,1.4,3.6,0.4,0.5,0.9,0.5,0.579,1.6,1.8,0.92,0.4,1.4,1.8,0.5,0.7,0.2,0.1,1.6,6.9
291,Dakota Mathias\mathida01,SG,25,PHI,8,2,15.4,2.4,6,0.396,1,3.3,0.308,1.4,2.8,0.5,0.479,0.3,0.8,0.333,0.1,0.8,0.9,1.6,0.1,0.4,0.1,0.9,6
292,Wesley Matthews\matthwe02,SG,34,LAL,30,4,20.2,1.4,3.9,0.356,1,3.1,0.337,0.4,0.9,0.423,0.487,0.4,0.5,0.8,0.4,1.1,1.5,1.1,0.5,0.4,0.5,1.4,4.2
293,Tyrese Maxey\maxeyty01,SG,20,PHI,32,6,16.2,3.4,7.6,0.45,0.5,1.7,0.273,2.9,5.8,0.503,0.481,0.7,0.8,0.88,0.3,1.6,1.9,1.8,0.5,0.2,0.7,1.3,8
294,Skylar Mays\mayssk01,SG,23,ATL,16,0,8.3,1.2,3.1,0.388,0.5,1.4,0.348,0.7,1.6,0.423,0.469,1,1.1,0.889,0.4,0.4,0.8,1.1,0.4,0,0.3,0.4,3.9
295,Patrick McCaw\mccawpa01,SF,25,TOR,3,0,6.7,0,0,,0,0,,0,0,,,0,0,,0.3,0,0.3,1.3,0,0,0,1,0
296,CJ McCollum\mccolcj01,SG,29,POR,13,13,33.8,9.5,20,0.473,4.8,11,0.441,4.6,9,0.513,0.594,2.9,3.5,0.844,0.5,3.4,3.9,5,1.3,0.3,1,2.2,26.7
297,T.J. McConnell\mccontj01,PG,28,IND,32,2,25.3,3.1,5.9,0.526,0.2,0.6,0.316,2.9,5.3,0.55,0.542,0.3,0.6,0.5,0.7,3,3.7,6.8,2,0.4,1.9,1.6,6.7
298,Jaden McDaniels\mcdanja02,PF,20,MIN,30,1,19.1,1.9,5,0.383,0.9,2.8,0.337,1,2.2,0.439,0.477,0.4,0.8,0.522,0.6,2.8,3.4,1,0.3,1,0.8,2.4,5.1
299,Jalen McDaniels\mcdanja01,SF,23,CHO,17,1,12.5,1.7,3.9,0.439,0.4,1.4,0.261,1.4,2.5,0.535,0.485,0.8,1.1,0.684,0.5,2.2,2.6,0.5,0.1,0.2,0.8,1.8,4.5
300,Doug McDermott\mcderdo01,PF,29,IND,34,14,25.9,5.1,10.1,0.506,1.6,4.4,0.364,3.5,5.7,0.617,0.586,1.3,1.6,0.818,1,3,4,1.3,0.3,0.1,1,1.7,13.2
301,Sean McDermott\mcderse01,SF,24,MEM,8,0,15.8,1.3,2.9,0.435,0.6,1.9,0.333,0.6,1,0.625,0.543,0.8,0.8,1,0.5,1,1.5,0.5,0.1,0.3,0.5,0.8,3.9
302,JaVale McGee\mcgeeja01,C,33,CLE,27,1,15.2,3.1,6.4,0.489,0.2,0.6,0.294,3,5.8,0.51,0.503,1,1.7,0.609,1.6,3.6,5.1,1,0.5,1.2,1.3,2.6,7.5
303,Rodney McGruder\mcgruro01,SG,29,DET,12,0,9.6,1.8,3.6,0.512,0.7,1.3,0.5,1.2,2.3,0.519,0.605,0.4,0.5,0.833,0.3,0.7,1,1,0.3,0.1,0.5,0.7,4.8
304,Alfonzo McKinnie\mckinal01,SF,28,LAL,18,0,4.7,0.9,1.7,0.533,0.3,0.7,0.417,0.6,1,0.611,0.617,0.3,0.4,0.625,0.4,0.7,1.1,0.1,0.1,0,0.1,0.4,2.3
305,Jordan McLaughlin\mclaujo01,PG,24,MIN,24,0,19.5,2.2,5.9,0.376,0.7,1.9,0.348,1.5,4,0.389,0.433,0.3,0.4,0.8,0.5,1.8,2.3,4.7,1,0.2,1.1,1,5.4
306,Ben McLemore\mclembe01,SG,27,HOU,24,2,15.5,2.1,5.8,0.357,1.3,4.3,0.314,0.8,1.6,0.474,0.471,0.7,1,0.739,0.4,1.7,2.1,1,0.6,0,1,1.4,6.2
307,Nicolò Melli\mellini01,PF,30,NOP,17,0,10.9,0.5,2.4,0.225,0.4,1.9,0.212,0.1,0.4,0.286,0.313,0.2,0.3,0.8,0.2,2.1,2.2,0.9,0.5,0.1,0.4,1.3,1.7
308,De'Anthony Melton\meltode01,PG,22,MEM,20,1,20.4,3.8,8.1,0.472,1.7,3.9,0.423,2.2,4.2,0.518,0.575,0.8,1.1,0.762,0.5,2.6,3.1,2.9,1.2,0.7,1.3,1.7,10.1
309,Sam Merrill\merrisa01,SG,24,MIL,13,0,5.9,0.5,1.3,0.353,0.4,0.8,0.455,0.1,0.5,0.167,0.5,0.2,0.2,1,0.3,0.8,1.1,0.8,0.2,0,0.2,0.5,1.5
310,Chimezie Metu\metuch01,C,23,SAC,11,0,6.5,1.4,2.7,0.5,0.1,0.3,0.333,1.3,2.5,0.519,0.517,0.5,0.8,0.667,1,1.1,2.1,0.5,0.3,0.5,0.5,0.9,3.4
311,Khris Middleton\middlkh01,SF,29,MIL,36,36,33.4,7.6,15.3,0.495,2.3,5.3,0.432,5.3,9.9,0.529,0.571,3.2,3.6,0.884,0.9,5.3,6.1,5.7,1.1,0.2,2.6,2.6,20.6
312,Darius Miller\milleda01,SF,30,OKC,12,0,9.3,0.9,2,0.458,0.8,1.8,0.429,0.2,0.3,0.667,0.646,0.3,0.3,1,0.1,1.2,1.3,0.8,0.4,0.3,0.4,0.8,2.8
313,Patty Mills\millspa02,PG,32,SAS,32,0,25.8,4.7,10.5,0.448,2.8,6.8,0.402,2,3.7,0.534,0.579,1.1,1.3,0.9,0.3,1.5,1.8,2.7,0.6,0,1.1,1.4,13.3
314,Paul Millsap\millspa01,PF,35,DEN,26,26,23.9,3.8,7.3,0.524,1.2,3,0.41,2.6,4.3,0.604,0.608,1.6,2.3,0.695,1.6,3.6,5.2,1.7,0.8,0.5,1,2.1,10.4
315,Shake Milton\miltosh01,SG,24,PHI,28,1,25.1,4.8,10.9,0.441,1.1,3.5,0.313,3.7,7.4,0.502,0.492,3.1,3.5,0.887,0.6,1.5,2.1,3,0.6,0.3,1.5,2.3,13.8
316,Donovan Mitchell\mitchdo01,SG,24,UTA,34,34,33.9,8.5,20.1,0.421,3.3,8.7,0.382,5.1,11.4,0.451,0.504,4.4,5.4,0.824,1.1,3.6,4.7,5.4,1,0.3,3,2.3,24.7
317,Adam Mokoka\mokokad01,SG,22,CHI,7,0,6,0.7,2,0.357,0.1,1.1,0.125,0.6,0.9,0.667,0.393,0,0,,0.1,0.4,0.6,0.6,0.3,0.1,0.3,0.7,1.6
318,Malik Monk\monkma01,SG,22,CHO,22,0,22.7,4.7,10.1,0.462,2.5,5.6,0.439,2.2,4.5,0.49,0.583,1.7,2.1,0.787,0.4,2.5,2.9,1.9,0.3,0.1,1.5,1.5,13.5
319,E'Twaun Moore\mooreet01,SG,31,PHO,22,1,15.2,1.8,4.3,0.421,0.3,1.1,0.24,1.5,3.2,0.486,0.453,0.4,0.5,0.8,0.5,1.3,1.8,1.6,0.6,0.2,0.8,1.4,4.3
320,Ja Morant\moranja01,PG,21,MEM,24,24,30.8,7.2,15.8,0.454,0.9,3.8,0.233,6.3,12,0.522,0.482,4.6,5.8,0.797,0.8,2.5,3.3,7.7,1,0.2,2.9,1.5,19.8
321,Juwan Morgan\morgaju01,PF,23,UTA,15,0,4.7,0.4,0.9,0.429,0.2,0.7,0.3,0.2,0.3,0.75,0.536,0.1,0.3,0.2,0.3,0.7,0.9,0.3,0.2,0,0.1,0.8,1.1
322,Marcus Morris\morrima03,PF,31,LAC,28,2,24.4,4.3,9.8,0.44,2.3,5,0.464,2,4.8,0.415,0.558,1.4,1.5,0.905,0.7,3.1,3.8,0.9,0.5,0.3,0.9,1.9,12.3
323,Markieff Morris\morrima02,PF,31,LAL,31,7,17.4,1.9,4.7,0.407,0.9,2.8,0.322,1,1.9,0.534,0.503,0.6,0.9,0.69,0.7,3.1,3.8,1,0.2,0.3,0.6,1.6,5.4
324,Monte Morris\morrimo01,PG,25,DEN,35,9,27.1,4.1,8.5,0.477,1.1,3.2,0.36,2.9,5.3,0.545,0.544,1.3,1.7,0.754,0.2,2,2.2,3.4,0.7,0.3,0.7,0.9,10.6
325,Mychal Mulder\muldemy01,PG,26,GSW,34,2,10.6,1.4,3.2,0.435,1.1,2.7,0.409,0.3,0.4,0.6,0.611,0.2,0.4,0.533,0,0.9,0.9,0.4,0.2,0.2,0.2,0.8,4.1
326,Dejounte Murray\murrade01,PG,24,SAS,32,32,31,6.5,14.2,0.456,1.1,3.3,0.324,5.4,10.9,0.496,0.493,1.8,2.2,0.812,0.6,6.4,7,5.4,1.6,0.1,1.7,2.1,15.8
327,Jamal Murray\murraja01,PG,23,DEN,34,34,35.4,8,16.5,0.487,2.6,6.6,0.398,5.4,9.9,0.546,0.567,3.1,3.6,0.846,0.7,3.5,4.2,4.6,1.1,0.3,2.3,2.1,21.8
328,Mike Muscala\muscami01,C,29,OKC,34,0,18.6,3.4,7.7,0.441,2,5.4,0.368,1.4,2.4,0.605,0.568,0.9,1,0.914,0.6,3.2,3.8,0.8,0.2,0.3,0.6,1.6,9.7
329,Sviatoslav Mykhailiuk\mykhasv01,SF,23,DET,35,4,17.4,2.3,6.1,0.377,1.5,4.6,0.335,0.7,1.5,0.51,0.505,0.7,0.9,0.8,0.3,1.7,2,1.4,0.7,0.2,1.1,0.9,6.8
330,Abdel Nader\naderab01,SF,27,PHO,19,0,14.4,2.3,4.7,0.489,0.7,1.7,0.394,1.6,3,0.544,0.561,1.1,1.3,0.8,0.2,2.3,2.4,0.8,0.3,0.4,0.7,1.3,6.4
331,Larry Nance Jr.\nancela02,PF,28,CLE,19,18,33.4,3.7,7.6,0.483,1.3,3.3,0.381,2.4,4.3,0.561,0.566,0.6,1.1,0.571,1.4,5.4,6.8,3.2,1.9,0.5,1.5,2.2,9.3
332,Aaron Nesmith\nesmiaa01,SF,21,BOS,18,0,15.6,1.4,3.5,0.397,0.9,2.7,0.354,0.4,0.8,0.533,0.532,0.4,0.7,0.667,0.6,1.9,2.4,0.4,0.2,0.3,0.6,2.1,4.2
333,Raul Neto\netora01,PG,28,WAS,29,6,20.4,3,6.8,0.449,1,2.6,0.373,2.1,4.2,0.496,0.52,0.9,1,0.833,0.4,1.8,2.3,2.1,1.1,0.1,0.7,1.3,7.9
334,Georges Niang\niangge01,PF,27,UTA,36,0,13.4,2,4.6,0.431,1.3,3.3,0.385,0.8,1.4,0.54,0.566,0.1,0.1,1,0.3,1.8,2.2,0.7,0.3,0.1,0.6,1.5,5.4
335,Zeke Nnaji\nnajize01,PF,20,DEN,23,1,10.8,1.3,2.7,0.508,0.7,1.6,0.417,0.7,1.1,0.64,0.631,0.2,0.3,0.714,0.4,1,1.4,0.1,0.1,0.1,0.2,0.7,3.6
336,Nerlens Noel\noelne01,C,26,NYK,32,10,22.2,2.1,3.5,0.613,0,0.1,0,2.1,3.4,0.624,0.613,0.7,1,0.667,2.1,4,6.1,0.6,1,2,1.2,2.6,4.9
337,Jaylen Nowell\nowelja01,SG,21,MIN,22,0,16.7,3.2,7.7,0.418,1.1,3.3,0.347,2.1,4.5,0.469,0.491,1.4,1.7,0.838,0.5,1.5,1.9,1,0.5,0.2,0.5,1.8,9
338,Frank Ntilikina\ntilila01,PG,22,NYK,9,1,14.1,2,4.1,0.486,1.4,2.3,0.619,0.6,1.8,0.313,0.662,0.3,0.6,0.6,0.1,0.7,0.8,0.8,0.9,0,0.6,1.7,5.8
339,Kendrick Nunn\nunnke01,PG,25,MIA,28,16,30,5.4,11.8,0.461,2.1,5.7,0.365,3.4,6.1,0.55,0.548,1.3,1.4,0.923,0.5,2.9,3.4,2.7,1.1,0.3,1.8,1.9,14.2
340,Jusuf Nurkić\nurkiju01,C,26,POR,12,12,23.3,4.2,8.6,0.485,0.3,1,0.25,3.9,7.6,0.516,0.5,1.3,2.3,0.556,1.9,5.8,7.7,2.8,0.9,0.9,1.9,2.8,9.8
341,David Nwaba\nwabada01,SF,28,HOU,28,9,22.9,3.6,7.4,0.481,0.6,2.3,0.27,3,5.2,0.572,0.522,1.6,2.4,0.697,1.3,2.4,3.7,1,1.1,0.7,0.6,2.1,9.4
342,Jordan Nwora\nworajo01,SF,22,MIL,10,0,8.2,1.7,3.7,0.459,0.8,1.6,0.5,0.9,2.1,0.429,0.568,0.9,1,0.9,0.1,1.4,1.5,0,0.4,0.2,1,0.9,5.1
343,Royce O'Neale\onealro01,SF,27,UTA,36,36,32.8,2.6,5.9,0.441,1.7,4.2,0.411,0.9,1.7,0.516,0.587,0.6,0.8,0.821,1.3,5.5,6.8,2.6,0.8,0.6,1.2,2.8,7.6
344,Semi Ojeleye\ojelese01,PF,26,BOS,34,6,19,1.9,4.4,0.417,1.2,3.1,0.383,0.6,1.3,0.5,0.553,0.6,0.8,0.714,0.6,2.3,2.9,0.8,0.3,0,0.4,1.2,5.5
345,Jahlil Okafor\okafoja01,C,25,DET,12,0,10,2.1,3.5,0.595,0,0.3,0,2.1,3.3,0.641,0.595,0.1,0.2,0.5,1.1,1.2,2.3,0.3,0.2,0.2,0.3,0.8,4.3
346,Chuma Okeke\okekech01,PF,22,ORL,20,0,21.9,1.7,4.3,0.384,0.9,2.2,0.386,0.8,2.1,0.381,0.483,0.3,0.5,0.5,0.9,2.6,3.5,2,0.8,0.4,0.7,1,4.4
347,Josh Okogie\okogijo01,SG,22,MIN,29,20,19.2,1.6,4.6,0.351,0.4,1.9,0.218,1.2,2.7,0.443,0.396,1.1,1.4,0.756,0.9,1.6,2.5,1,0.8,0.5,0.8,2,4.7
348,Onyeka Okongwu\okongon01,C,20,ATL,16,1,9.9,1.3,2.3,0.568,0,0.1,0,1.3,2.3,0.583,0.568,0.6,0.9,0.6,0.8,1.7,2.4,0.3,0.4,0.4,0.5,1.6,3.2
349,Isaac Okoro\okorois01,SG,20,CLE,31,31,33.2,3,7.3,0.413,0.9,3,0.301,2.1,4.3,0.492,0.476,1.2,1.7,0.679,1,1.7,2.7,1.9,1.2,0.5,1.5,3.1,8.1
350,KZ Okpala\okpalkz01,PF,21,MIA,19,6,10.5,0.7,2.1,0.35,0.4,1.3,0.333,0.3,0.8,0.375,0.45,0.1,0.3,0.333,0.4,1.1,1.5,0.4,0.2,0.2,0.5,1.3,2
351,Victor Oladipo\oladivi01,SG,28,TOT,24,24,32.8,7.3,18.2,0.399,2.5,7.5,0.331,4.8,10.6,0.447,0.468,3,4,0.747,0.3,4.9,5.2,4.5,1.5,0.5,2.2,2.3,20
351,Victor Oladipo\oladivi01,SG,28,IND,9,9,33.3,7.1,16.9,0.421,2.8,7.7,0.362,4.3,9.2,0.47,0.503,3,4.1,0.73,0.1,5.6,5.7,4.2,1.7,0.2,2,2.6,20
351,Victor Oladipo\oladivi01,SG,28,HOU,15,15,32.4,7.3,18.9,0.387,2.3,7.5,0.313,5,11.5,0.436,0.449,2.9,3.9,0.759,0.5,4.5,4.9,4.7,1.4,0.6,2.3,2.2,19.9
352,Kelly Olynyk\olynyke01,C,29,MIA,35,30,26.5,3.8,8.5,0.441,1.9,5.7,0.328,1.9,2.8,0.673,0.552,0.6,0.9,0.733,0.9,4.9,5.9,2.1,0.8,0.5,1.3,2.8,10.1
353,Miye Oni\onimi01,SG,23,UTA,26,0,7.9,0.5,1.5,0.368,0.5,1.3,0.394,0,0.2,0.2,0.539,0.2,0.2,0.833,0.5,1.2,1.8,0.2,0.1,0.2,0.3,1.1,1.8
354,Cedi Osman\osmande01,SF,25,CLE,35,15,25.8,3.9,10.4,0.373,2,6,0.332,1.9,4.4,0.429,0.468,1.1,1.4,0.796,0.7,3,3.7,2.7,0.9,0.1,1.1,2,10.9
355,Daniel Oturu\oturuda01,C,21,LAC,10,0,4.2,0.9,1.5,0.6,0,0.1,0,0.9,1.4,0.643,0.6,0.2,0.2,1,0.5,0.9,1.4,0.4,0,0.3,0.2,0.6,2
356,Kelly Oubre Jr.\oubreke01,SF,25,GSW,35,35,30.3,5.8,13.2,0.436,1.7,5.3,0.321,4.1,7.9,0.514,0.501,2.2,3,0.74,1.5,4.5,5.9,1.4,1.1,0.8,1.3,2.2,15.5
357,Jabari Parker\parkeja01,PF,25,SAC,2,0,12.5,2,3.5,0.571,0,0.5,0,2,3,0.667,0.571,0,0,,0.5,2.5,3,0.5,0,0.5,1.5,2,4
358,Eric Paschall\pascher01,PF,24,GSW,34,2,17.6,3.9,7.8,0.494,0.4,1.3,0.289,3.5,6.5,0.536,0.519,1.8,2.5,0.718,0.8,2.5,3.3,1.3,0.3,0.1,1,1.7,9.9
359,Anžejs Pasečņiks\pasecan01,C,25,WAS,1,0,6,0,1,0,0,1,0,0,0,,0,0,0,,1,0,1,1,0,0,5,2,0
360,Patrick Patterson\pattepa01,PF,31,LAC,10,1,13,1.6,3.8,0.421,1,2.8,0.357,0.6,1,0.6,0.553,0.3,0.4,0.75,0.4,1.6,2,0.5,0.3,0.1,0.7,1.3,4.5
361,Justin Patton\pattoju01,C,23,HOU,6,2,21.3,2.7,5.2,0.516,1,2.8,0.353,1.7,2.3,0.714,0.613,0.5,0.7,0.75,0.8,3.2,4,0.8,1.2,1.7,0.3,3.2,6.8
362,Chris Paul\paulch01,PG,35,PHO,34,34,31.8,6,12.4,0.486,1.5,3.9,0.391,4.5,8.4,0.53,0.548,2.4,2.6,0.954,0.5,4.2,4.7,8.8,1.2,0.3,2.4,2.5,16
363,Cameron Payne\payneca01,PG,26,PHO,24,0,16.4,2.5,5.3,0.48,1,2.4,0.421,1.5,2.9,0.529,0.575,0.5,0.6,0.929,0.1,1.7,1.8,3.6,0.6,0.2,1,1.8,6.6
364,Elfrid Payton\paytoel01,PG,26,NYK,33,33,28.2,5.3,11.9,0.443,0.5,1.8,0.25,4.8,10.1,0.477,0.462,1.7,2.2,0.743,1.3,2.5,3.8,3.7,0.7,0.2,1.9,1.9,12.7
365,Norvel Pelle\pelleno01,C,27,TOT,4,0,8,0.8,2,0.375,0,0,,0.8,2,0.375,0.375,0.8,1,0.75,1,1,2,0.3,0,0.8,0.8,2.5,2.3
365,Norvel Pelle\pelleno01,C,27,BRK,3,0,9.3,1,2.3,0.429,0,0,,1,2.3,0.429,0.429,0,0,,1,1.3,2.3,0,0,1,1,3,2
365,Norvel Pelle\pelleno01,C,27,SAC,1,0,4,0,1,0,0,0,,0,1,0,0,3,4,0.75,1,0,1,1,0,0,0,1,3
366,Reggie Perry\perryre01,PF,20,BRK,14,0,10.5,1.5,3.6,0.412,0.1,0.9,0.167,1.4,2.8,0.487,0.431,0.4,0.6,0.667,1.2,2.4,3.6,0.9,0.1,0.4,0.8,1.9,3.6
367,Theo Pinson\pinsoth01,SG,25,NYK,11,0,2.3,0.1,0.6,0.143,0,0.5,0,0.1,0.1,1,0.143,0,0,,0,0.1,0.1,0.1,0,0,0,0.3,0.2
368,Mason Plumlee\plumlma01,C,30,DET,34,34,28,4.3,7,0.607,0,0.2,0,4.3,6.9,0.622,0.607,1.9,2.8,0.674,2.8,6.4,9.1,3.8,0.8,0.9,2.1,3.5,10.4
369,Jakob Poeltl\poeltja01,C,25,SAS,32,14,23.4,3,5,0.61,0,0,,3,5,0.61,0.61,0.5,1.5,0.319,3,4.3,7.3,1.8,0.6,1.6,1.2,2.2,6.5
370,Vincent Poirier\poirivi01,C,27,PHI,6,0,3.7,0.2,0.7,0.25,0,0,,0.2,0.7,0.25,0.25,0.3,0.7,0.5,0.3,0.3,0.7,0.2,0,0.3,0.3,0.3,0.7
371,Aleksej Pokusevski\pokusal01,PF,19,OKC,17,0,17.4,1.4,5.5,0.247,0.6,3.3,0.179,0.8,2.2,0.351,0.301,0,0,,0.3,3.2,3.5,1.2,0.5,1.1,1.3,0.9,3.3
372,Jordan Poole\poolejo01,SG,21,GSW,16,0,10.6,2.3,4.8,0.468,1.1,3.1,0.367,1.1,1.8,0.643,0.584,1.2,1.3,0.95,0.1,1.2,1.3,0.9,0.3,0.2,0.5,0.9,6.8
373,Michael Porter Jr.\portemi01,SF,22,DEN,26,19,28.6,5.5,10.9,0.502,2.4,5.7,0.416,3.1,5.2,0.597,0.611,1.3,1.7,0.756,1.2,5.8,7,0.9,0.9,1.1,1.1,2.3,14.6
374,Otto Porter\porteot01,SF,27,CHI,16,6,23.3,4,9,0.444,1.8,4.4,0.4,2.3,4.6,0.486,0.542,1.9,2.3,0.833,1.3,5,6.3,2,0.6,0.2,0.9,1.6,11.6
375,Bobby Portis\portibo01,C,25,MIL,36,2,21.6,4.6,8.4,0.546,1.1,2.1,0.5,3.6,6.3,0.561,0.609,0.6,0.9,0.697,1.9,5.2,7.1,1,0.8,0.4,0.8,1.9,10.9
376,Kristaps Porziņģis\porzikr01,C,25,DAL,20,20,30.1,7.6,16.1,0.469,2.2,6.3,0.349,5.4,9.8,0.546,0.537,2.9,3.4,0.838,1.9,6.5,8.4,1.4,0.4,1.6,1.3,3,20.2
377,Dwight Powell\poweldw01,C,29,DAL,23,8,15,1.3,2.9,0.463,0,0.3,0.125,1.3,2.6,0.508,0.47,1.9,2.5,0.754,1,2.2,3.2,0.9,0.6,0.3,0.7,2.3,4.6
378,Norman Powell\powelno01,SG,27,TOR,34,23,29.6,6.2,12.7,0.488,2.6,5.9,0.438,3.6,6.8,0.532,0.59,3.4,3.8,0.899,0.4,2.6,3,1.7,1.2,0.1,1.7,2.1,18.4
379,Taurean Prince\princta02,PF,26,TOT,29,10,21.4,2.7,7.2,0.38,1.3,3.5,0.386,1.4,3.7,0.374,0.474,1.6,1.8,0.849,0.5,3.1,3.6,1.7,0.7,0.7,1.1,1.8,8.3
379,Taurean Prince\princta02,PF,26,BRK,12,4,18.2,2.5,6.2,0.405,1.1,3.1,0.351,1.4,3.1,0.459,0.493,2,2.3,0.889,0.2,2.7,2.8,0.6,0.7,0.7,0.9,1.8,8.1
379,Taurean Prince\princta02,PF,26,CLE,17,6,23.6,2.9,7.9,0.366,1.5,3.8,0.406,1.4,4.1,0.329,0.463,1.2,1.5,0.808,0.8,3.4,4.1,2.5,0.6,0.6,1.2,1.9,8.5
380,Payton Pritchard\pritcpa01,SG,23,BOS,30,1,21.4,2.9,6.3,0.457,1.4,3.4,0.402,1.5,2.9,0.523,0.566,0.6,0.6,0.944,0.5,1.8,2.3,2.3,0.6,0.2,1.1,2,7.7
381,Immanuel Quickley\quickim01,PG,21,NYK,33,0,18.8,3.7,9.6,0.389,1.8,4.7,0.381,1.9,4.9,0.398,0.483,3,3.2,0.942,0.5,1.9,2.3,2.4,0.5,0.3,1,1.9,12.2
382,Jahmi'us Ramsey\ramseja01,SG,19,SAC,4,0,4,0.5,1,0.5,0.3,0.8,0.333,0.3,0.3,1,0.625,0,0,,0,1,1,0.3,0,0.3,0.3,0,1.3
383,Chasson Randle\randlch01,PG,27,ORL,8,0,18.9,1.9,4.4,0.429,0.9,2.9,0.304,1,1.5,0.667,0.529,0.6,0.9,0.714,0.1,1.8,1.9,2.9,0.3,0.1,0.8,2.3,5.3
384,Julius Randle\randlju01,PF,26,NYK,37,37,36.7,8.3,17.2,0.483,1.9,4.6,0.408,6.4,12.6,0.51,0.537,4.8,5.9,0.805,1.4,9.6,11.1,5.5,0.8,0.2,3.2,3.1,23.2
385,Cam Reddish\reddica01,SF,21,ATL,26,21,28.8,3.7,10.1,0.365,1.3,4.8,0.262,2.4,5.3,0.46,0.428,2.6,3.2,0.817,0.8,3.2,4,1.3,1.3,0.3,1.3,2.6,11.2
386,J.J. Redick\redicjj01,SG,36,NOP,31,0,18.6,2.8,6.9,0.407,1.6,4.5,0.364,1.2,2.4,0.486,0.526,1.5,1.5,0.957,0.1,1.6,1.7,1.3,0.3,0.1,0.8,1.2,8.7
387,Paul Reed\reedpa01,PF,21,PHI,5,0,11,1.8,4.4,0.409,0,0.6,0,1.8,3.8,0.474,0.409,0,0,,1.4,0.6,2,0.6,0.2,0.8,1,0.8,3.6
388,Naz Reid\reidna01,C,21,MIN,34,13,20.6,4.6,9,0.515,0.9,2.8,0.34,3.7,6.3,0.592,0.567,1.6,2.2,0.733,1.1,3.6,4.8,1.3,0.6,1.2,1.1,3.1,11.9
389,Nick Richards\richani01,PF,23,CHO,8,0,2.9,0.4,0.8,0.5,0,0,,0.4,0.8,0.5,0.5,0.6,0.8,0.833,0.3,0.5,0.8,0,0,0,0.1,0.5,1.4
390,Josh Richardson\richajo01,SG,27,DAL,25,25,31.5,4.6,10.7,0.427,1.5,5.3,0.288,3,5.4,0.563,0.498,2.2,2.3,0.948,0.9,2.4,3.3,2.5,0.9,0.2,1.5,2.8,12.8
391,Austin Rivers\riverau01,SG,28,NYK,21,2,21,2.8,6.4,0.43,1.3,3.7,0.364,1.4,2.8,0.517,0.533,0.5,0.7,0.714,0.2,2,2.2,2,0.6,0,1,1.5,7.3
392,Andre Roberson\roberan03,SG,29,BRK,5,0,12.6,0.4,2.8,0.143,0.2,1.6,0.125,0.2,1.2,0.167,0.179,0.2,0.4,0.5,1.4,1.6,3,0.8,0.6,0.2,0.4,0.8,1.2
393,Duncan Robinson\robindu01,SF,26,MIA,36,36,33.4,4.2,9.8,0.429,3.3,8.3,0.391,0.9,1.5,0.642,0.595,1.2,1.4,0.84,0.1,3.9,3.9,1.6,0.5,0.2,1.3,2.5,12.8
394,Glenn Robinson III\robingl02,SF,27,SAC,23,2,16,1.8,4.3,0.424,0.7,1.9,0.364,1.1,2.4,0.473,0.505,0.9,1,0.913,0.5,1.5,2,0.9,0.2,0.1,0.5,1,5.3
395,Jerome Robinson\robinje01,SG,23,WAS,13,3,17,1.7,5.2,0.328,0.7,2.4,0.29,1,2.8,0.361,0.396,1.2,1.3,0.882,0.2,2.4,2.5,1.4,0.5,0.2,0.8,1.6,5.2
396,Mitchell Robinson\robinmi01,C,22,NYK,27,27,28.8,3.8,5.8,0.66,0,0,,3.8,5.8,0.66,0.66,0.8,1.7,0.478,3.6,4.8,8.4,0.5,1.2,1.5,0.8,2.9,8.4
397,Isaiah Roby\robyis01,PF,22,OKC,30,12,21.3,3.3,6.3,0.521,0.6,1.8,0.34,2.7,4.6,0.591,0.568,1.4,1.9,0.724,1.5,3.9,5.4,1.8,0.8,0.6,1.3,2.7,8.6
398,Rajon Rondo\rondora01,PG,34,ATL,20,2,15,1.5,3.7,0.392,0.7,1.7,0.382,0.8,2,0.4,0.48,0.1,0.1,0.5,0.2,2,2.2,3.5,0.6,0.1,1.4,0.9,3.6
399,Derrick Rose\rosede01,PG,32,TOT,25,3,23.5,5,11.7,0.43,0.9,2.4,0.377,4.1,9.3,0.444,0.469,2.5,3,0.851,0.3,1.9,2.2,4.5,1.2,0.4,1.9,1.2,13.5
399,Derrick Rose\rosede01,PG,32,DET,15,0,22.8,5.3,12.3,0.429,0.9,2.6,0.333,4.4,9.7,0.455,0.465,2.8,3.3,0.84,0.4,1.5,1.9,4.2,1.2,0.3,1.9,1.1,14.2
399,Derrick Rose\rosede01,PG,32,NYK,10,3,24.6,4.7,10.9,0.431,1,2.2,0.455,3.7,8.7,0.425,0.477,2.1,2.4,0.875,0.1,2.5,2.6,4.9,1.1,0.6,1.9,1.2,12.5
400,Terrence Ross\rosste01,SG,29,ORL,35,2,29.5,5.6,13.6,0.41,2.1,6.1,0.344,3.5,7.5,0.462,0.486,2.3,2.6,0.9,0.3,3.1,3.5,2.2,1.1,0.5,1.7,1.8,15.5
401,Terry Rozier\roziete01,SG,26,CHO,33,33,33.5,7.4,15.2,0.49,3.4,7.7,0.439,4.1,7.5,0.543,0.601,2.3,2.8,0.824,0.5,3.3,3.8,3.2,1.4,0.4,2.1,2,20.5
402,Ricky Rubio\rubiori01,PG,30,MIN,34,19,25.4,2.7,6.9,0.39,0.8,2.4,0.329,1.9,4.5,0.422,0.447,1.8,2.2,0.824,0.4,2.7,3.1,6.4,1.2,0,2.1,2.3,8
403,D'Angelo Russell\russeda01,PG,24,MIN,20,19,29.2,7,16.3,0.426,3,7.4,0.399,4,8.9,0.449,0.517,2.4,3.2,0.75,0.5,2.2,2.6,5.1,1.1,0.5,2.7,2,19.3
404,Domantas Sabonis\sabondo01,PF,24,IND,35,35,36.5,7.8,14.9,0.525,0.9,2.7,0.333,6.9,12.2,0.568,0.556,4.2,5.9,0.714,2.6,8.5,11.1,6,1,0.6,3.4,3.4,20.8
405,Luka Šamanić\samanlu01,PF,21,SAS,9,1,11,1.7,3.8,0.441,0.9,2.2,0.4,0.8,1.6,0.5,0.559,0.4,0.9,0.5,0.7,2.4,3.1,0.1,0.3,0.2,0.7,1.1,4.7
406,JaKarr Sampson\sampsja02,PF,27,IND,15,0,6.5,1,2.1,0.469,0.1,0.3,0.2,0.9,1.8,0.519,0.484,0.5,0.7,0.8,0.5,1.4,1.9,0.1,0.1,0.2,0.4,0.7,2.6
407,Dario Šarić\saricda01,PF,26,PHO,17,0,18.1,4.1,8.4,0.483,1.4,3.6,0.377,2.7,4.8,0.561,0.563,2,2.2,0.919,0.8,3.2,4,1.3,0.8,0.2,1.2,1.9,11.5
408,Tomáš Satoranský\satorto01,SG,29,CHI,23,0,20.7,2.6,4.9,0.536,0.8,1.7,0.487,1.8,3.2,0.562,0.621,1.1,1.3,0.897,0.3,2.3,2.6,4.4,0.5,0.2,1.5,1.2,7.2
409,Dennis Schröder\schrode01,SG,27,LAL,33,33,31.2,5.2,11.9,0.44,1,3.2,0.317,4.2,8.8,0.484,0.482,3.4,4.1,0.831,0.5,2.9,3.5,4.5,0.9,0.2,2.3,2.7,14.9
410,Mike Scott\scottmi01,PF,32,PHI,17,4,17.4,1.5,3.7,0.413,1.1,2.9,0.38,0.4,0.8,0.538,0.563,0.1,0.3,0.4,0.2,2.5,2.8,0.3,0.5,0.1,0.6,1,4.3
411,Collin Sexton\sextoco01,SG,22,CLE,31,31,36.4,8.8,18.2,0.487,1.7,4.2,0.4,7.2,14,0.513,0.533,4.7,5.9,0.803,0.7,1.9,2.6,4.5,1.2,0.1,2.9,2.8,24.1
412,Landry Shamet\shamela01,SG,23,BRK,33,0,19.7,2.5,6.5,0.384,1.8,4.9,0.358,0.8,1.6,0.463,0.519,1,1.2,0.868,0.2,1.7,1.8,1.1,0.5,0.2,0.8,1.3,7.8
413,Iman Shumpert\shumpim01,SG,30,BRK,2,0,5.5,0.5,2,0.25,0,1.5,0,0.5,0.5,1,0.25,0,0,,0.5,0,0.5,0,0.5,0,0.5,0,1
414,Pascal Siakam\siakapa01,PF,26,TOR,30,30,35.8,7.4,16.3,0.453,1.2,4.1,0.295,6.2,12.3,0.505,0.49,4.1,5,0.819,1.9,5.5,7.5,4.8,1.2,0.7,2.2,3.1,20.1
415,Chris Silva\silvach01,PF,24,MIA,6,0,8.8,1,1.5,0.667,0.2,0.2,1,0.8,1.3,0.625,0.722,1.7,2,0.833,1.2,1.8,3,1,0.2,0.3,1.3,2.3,3.8
416,Ben Simmons\simmobe01,PG,24,PHI,31,31,33.9,6.2,10.7,0.578,0.1,0.2,0.286,6.1,10.5,0.585,0.581,3.6,5.4,0.671,1.7,6.2,7.9,7.6,1.6,0.7,3.4,3.1,16.1
417,Anfernee Simons\simonan01,SG,21,POR,32,0,17,2.7,6.9,0.395,2,4.9,0.411,0.7,1.9,0.355,0.543,0.7,0.8,0.846,0.2,2.3,2.4,1.3,0.2,0.2,0.8,1.7,8.2
418,Deividas Sirvydis\sirvyde01,SG,20,DET,5,0,1.6,0,0.6,0,0,0.6,0,0,0,,0,0.2,0.4,0.5,0,0.2,0.2,0.2,0,0,0,0.2,0.2
419,Marcus Smart\smartma01,PG,26,BOS,17,17,32.3,4.4,11.1,0.394,1.6,5.3,0.311,2.7,5.8,0.469,0.468,2.7,3.6,0.742,0.4,2.4,2.8,6.1,1.8,0.5,1.8,2.3,13.1
420,Dennis Smith Jr.\smithde03,PG,23,TOT,15,7,18.3,2.8,7.3,0.385,0.9,2.9,0.318,1.9,4.3,0.431,0.45,0.7,0.9,0.786,0.7,2,2.7,3.3,1.2,0.5,1.1,1.5,7.3
420,Dennis Smith Jr.\smithde03,PG,23,NYK,3,0,9.3,0.7,3.3,0.2,0,1.3,0,0.7,2,0.333,0.2,1.7,2,0.833,0,0.7,0.7,1,1,0,0.3,1.3,3
420,Dennis Smith Jr.\smithde03,PG,23,DET,12,7,20.6,3.3,8.3,0.404,1.2,3.3,0.35,2.2,4.9,0.441,0.475,0.5,0.7,0.75,0.8,2.3,3.2,3.8,1.3,0.7,1.3,1.6,8.3
421,Ish Smith\smithis01,PG,32,WAS,19,1,20.6,2.3,6.1,0.379,0.3,1.1,0.25,2.1,5.1,0.406,0.401,0.3,0.8,0.4,0.5,2.9,3.5,4.7,0.8,0.2,1,0.9,5.2
422,Jalen Smith\smithja04,PF,20,PHO,11,0,5.2,0.6,1.7,0.368,0.2,0.7,0.25,0.5,1,0.455,0.421,0,0.2,0,0.5,0.5,1,0.2,0,0.2,0.1,0.4,1.5
423,Tony Snell\snellto01,SG,29,ATL,23,6,18.3,1.8,3.7,0.482,1.5,2.7,0.565,0.3,1,0.261,0.688,0,0,,0.5,1.6,2,1.2,0.1,0.3,0.6,1.3,5.1
424,Ray Spalding\spaldra01,C,23,HOU,2,0,9.5,1,2,0.5,0,0.5,0,1,1.5,0.667,0.5,0,1,0,1,1,2,0,0,1,1.5,1.5,2
425,Cassius Stanley\stanlca01,SG,21,IND,8,0,2.9,0.3,0.9,0.286,0.1,0.3,0.5,0.1,0.6,0.2,0.357,0.5,0.6,0.8,0.3,0.1,0.4,0,0,0.3,0.1,0.9,1.1
426,Lamar Stevens\stevela01,PF,23,CLE,24,0,14.4,1.6,3.9,0.404,0.1,0.7,0.118,1.5,3.2,0.468,0.415,1,1.3,0.719,0.5,2.1,2.6,1,0.5,0.3,0.6,1.5,4.2
427,Isaiah Stewart\stewais01,C,19,DET,34,2,18.4,2.4,4.3,0.555,0,0.1,0.2,2.4,4.1,0.567,0.558,0.6,0.9,0.688,2.4,3.4,5.8,0.7,0.5,1,0.9,2.6,5.4
428,Max Strus\strusma01,SF,24,MIA,19,0,14.9,2.5,5.4,0.456,1.6,4.5,0.365,0.8,0.9,0.889,0.607,0.5,0.7,0.714,0.1,0.9,1.1,0.5,0.2,0,0.2,1.3,7.1
429,Edmond Sumner\sumneed01,SG,25,IND,22,4,11.4,1.9,3.7,0.512,0.4,1.2,0.346,1.5,2.5,0.589,0.567,0.9,1.2,0.741,0.4,1,1.4,0.5,0.6,0.1,0.8,1.2,5.1
430,Jae'Sean Tate\tateja01,SF,25,HOU,34,22,27.4,4,7.4,0.536,0.6,2,0.319,3.3,5.4,0.617,0.579,1.3,1.7,0.754,1.9,3.4,5.3,1.7,0.9,0.5,1.2,3.1,9.9
431,Jayson Tatum\tatumja01,SF,22,BOS,31,31,35.8,9,20.6,0.437,2.6,7.1,0.368,6.4,13.5,0.474,0.501,4.3,5,0.859,0.6,6.5,7.1,4.5,1.4,0.5,2.5,1.9,24.9
432,Jeff Teague\teaguje01,PG,32,BOS,28,4,18.1,2.1,5.6,0.373,0.7,1.6,0.422,1.4,4,0.354,0.434,1.5,1.7,0.896,0.3,1.4,1.6,2.1,0.8,0.2,1.1,1.2,6.4
433,Garrett Temple\templga01,SG,34,CHI,33,12,28.4,3.2,7.6,0.428,1.4,4,0.344,1.9,3.6,0.521,0.518,0.9,1.2,0.816,0.6,2.6,3.2,2.1,0.9,0.5,1,2.3,8.8
434,Tyrell Terry\terryty01,PG,20,DAL,11,0,5.1,0.5,1.5,0.313,0,0.6,0,0.5,0.8,0.556,0.313,0.1,0.3,0.333,0,0.5,0.5,0.5,0.5,0,0.2,0.2,1
435,Daniel Theis\theisda01,C,28,BOS,34,29,24.3,3.6,6.5,0.564,0.8,2.1,0.37,2.9,4.3,0.66,0.625,1.2,1.8,0.667,1.3,3.7,5,1.4,0.6,1.1,1,2.9,9.3
436,Brodric Thomas\thomabr01,SG,24,HOU,4,0,6,0.5,1.8,0.286,0.3,1.5,0.167,0.3,0.3,1,0.357,1.3,1.8,0.714,0.3,0.8,1,1,0.3,0.3,1,1.3,2.5
437,Matt Thomas\thomama02,SG,26,TOR,21,0,6.9,0.9,2.2,0.391,0.6,1.5,0.387,0.3,0.7,0.4,0.522,0.2,0.3,0.833,0,0.6,0.7,0.4,0.1,0,0.2,0.4,2.5
438,Tristan Thompson\thomptr01,PF,29,BOS,34,29,22.8,3.3,6.1,0.531,0,0.1,0,3.3,6.1,0.539,0.531,1.4,2.2,0.632,3.1,5.2,8.3,1,0.4,0.4,0.9,2.1,7.9
439,Sindarius Thornwell\thornsi01,SG,26,NOP,11,1,4.8,0.5,1.2,0.462,0.3,0.5,0.5,0.3,0.6,0.429,0.577,0,0.2,0,0.1,0.2,0.3,0.2,0.4,0,0.2,0.3,1.4
440,Matisse Thybulle\thybuma01,SG,23,PHI,33,2,18.1,1.2,3.2,0.368,0.5,2,0.262,0.7,1.2,0.537,0.448,0.2,0.4,0.571,0.4,1.1,1.5,0.9,1.4,0.9,0.4,2,3.1
441,Killian Tillie\tilliki02,C,22,MEM,2,0,10.5,0.5,2,0.25,0.5,1,0.5,0,1,0,0.375,0,0,,0.5,0.5,1,0,0.5,0,0.5,2.5,1.5
442,Xavier Tillman Sr.\tillmxa01,PF,22,MEM,27,7,20.4,3,5.9,0.513,0.4,1.3,0.286,2.6,4.6,0.577,0.544,0.6,0.9,0.739,1.5,3.1,4.6,1.7,0.9,0.6,0.9,2.4,7
443,Obi Toppin\toppiob01,PF,22,NYK,27,0,12.7,1.9,4,0.486,0.5,1.6,0.295,1.4,2.3,0.619,0.547,0.4,0.5,0.714,0.3,2.1,2.5,0.6,0.3,0.4,0.6,1,4.7
444,Juan Toscano-Anderson\toscaju01,SG,27,GSW,23,13,20.6,2.3,4.1,0.564,0.7,1.5,0.429,1.7,2.6,0.644,0.644,0.6,0.8,0.722,0.7,3.8,4.5,2.2,0.6,0.5,1.1,2.1,5.8
445,Karl-Anthony Towns\townska01,C,25,MIN,16,16,32.8,7.9,15.9,0.494,1.9,5,0.375,6,10.9,0.549,0.553,4.4,4.8,0.909,3,7.9,10.9,3.9,0.9,1.7,3.2,3.8,22
446,Gary Trent Jr.\trentga02,SG,22,POR,33,20,31.2,5.5,13.1,0.423,3.1,7.5,0.406,2.5,5.6,0.446,0.539,1.1,1.4,0.778,0.6,1.6,2.2,1.5,0.8,0.2,0.7,1.6,15.2
447,P.J. Tucker\tuckepj01,PF,35,HOU,32,32,30,1.5,4.1,0.366,0.8,2.7,0.314,0.7,1.4,0.467,0.469,0.6,0.7,0.783,1,3.6,4.6,1.4,0.9,0.6,1,2.8,4.4
448,Myles Turner\turnemy01,C,24,IND,33,33,31.5,4.7,9.8,0.484,1.5,4.6,0.314,3.3,5.1,0.639,0.559,2.5,3.3,0.778,1.4,5.2,6.5,0.9,1,3.4,1.4,3.5,13.5
449,Jonas Valančiūnas\valanjo01,C,28,MEM,27,26,27.1,6.3,11.7,0.539,0.4,1,0.357,6,10.7,0.557,0.555,2.5,3.3,0.756,3.4,7.9,11.3,1.7,0.6,0.6,2.1,3.1,15.6
450,Denzel Valentine\valende01,SG,27,CHI,30,3,19.7,3.1,8.3,0.375,1.6,4.7,0.348,1.5,3.6,0.411,0.474,0.2,0.2,1,0.4,3.7,4.1,1.8,0.7,0,0.6,1.2,8
451,Jarred Vanderbilt\vandeja01,PF,21,MIN,34,17,19.2,2.5,4.1,0.612,0,0.1,0.5,2.5,4,0.613,0.615,1,1.9,0.556,1.8,3.9,5.7,1.5,1.1,0.6,1,2.1,6.1
452,Fred VanVleet\vanvlfr01,SG,26,TOR,34,34,36.7,6.6,16.6,0.4,3.4,8.8,0.383,3.3,7.9,0.419,0.501,3.5,3.9,0.894,0.7,3.8,4.4,6.6,1.7,0.8,2,2.4,20.1
453,Devin Vassell\vassede01,SF,20,SAS,26,1,17.3,1.9,4.8,0.397,1,2.4,0.397,1,2.4,0.397,0.496,0.7,0.8,0.857,0.6,2.6,3.2,1.1,1.1,0.3,0.5,1.2,5.5
454,Gabe Vincent\vincega01,PG,24,MIA,25,5,15,2.1,5.7,0.364,0.9,3.6,0.258,1.2,2.2,0.537,0.444,0.8,0.8,0.905,0.1,1,1.1,1.2,0.5,0.1,0.8,1.8,5.8
455,Noah Vonleh\vonleno01,PF,25,BRK,4,0,2.8,0,0.8,0,0,0.5,0,0,0.3,0,0,0,0,,0,0.3,0.3,0.3,0,0,0.5,0.5,0
456,Nikola Vučević\vucevni01,C,30,ORL,36,36,33.9,9.9,20.4,0.483,2.7,6.5,0.412,7.2,13.9,0.516,0.548,2.2,2.6,0.851,1.9,9.7,11.6,3.7,1,0.6,1.7,1.7,24.6
457,Dean Wade\wadede01,PF,24,CLE,28,5,11.4,1.2,2.6,0.446,0.8,1.9,0.423,0.4,0.8,0.5,0.595,0.3,0.4,0.667,0.5,1.7,2.1,0.6,0.2,0.2,0.4,0.8,3.4
458,Moritz Wagner\wagnemo01,C,23,WAS,22,11,14.3,2.5,4.8,0.533,0.5,1.6,0.343,2,3.2,0.629,0.59,1.5,2,0.75,0.5,2.5,3,1.2,0.7,0.3,0.6,2.3,7.1
459,Kemba Walker\walkeke02,PG,30,BOS,20,20,30,6.2,15.9,0.388,3,8.1,0.366,3.2,7.8,0.41,0.481,3.2,3.5,0.914,0.4,3.2,3.6,4.6,1.1,0.4,2.2,1.4,18.5
460,Lonnie Walker\walkelo01,SG,22,SAS,30,27,27.3,4.2,10.5,0.402,1.8,4.9,0.358,2.5,5.6,0.44,0.486,1.1,1.3,0.8,0.2,2.7,2.9,1.8,0.5,0.4,1.1,2.1,11.3
461,John Wall\walljo01,PG,30,HOU,25,25,31.7,7.5,17.7,0.424,2,6,0.34,5.5,11.7,0.468,0.482,4,5.3,0.744,0.4,2.8,3.2,6,0.9,0.7,3.3,1.2,21
462,Brad Wanamaker\wanambr01,PG,31,GSW,37,0,16.2,1.6,4.4,0.358,0.4,1.5,0.232,1.2,2.9,0.425,0.398,1.3,1.5,0.891,0.2,1.5,1.7,2.7,0.7,0.2,0.9,1.4,4.8
463,T.J. Warren\warretj01,SF,27,IND,4,4,29.3,6.8,12.8,0.529,0,1.8,0,6.8,11,0.614,0.529,2,2.5,0.8,0.5,3,3.5,1.3,0.5,0,1,4,15.5
464,P.J. Washington\washipj01,PF,22,CHO,31,31,29.4,4.4,9.8,0.449,1.4,3.5,0.385,3.1,6.3,0.485,0.518,2.3,2.9,0.778,1.5,4.9,6.3,2.9,1.1,1.2,2.1,2.7,12.5
465,Yuta Watanabe\watanyu01,SF,26,TOR,22,1,12.2,0.9,2.7,0.333,0.5,1.5,0.364,0.4,1.2,0.296,0.433,0.4,0.4,1,0.8,2.4,3.2,0.4,0.4,0.5,0.4,1,2.7
466,Tremont Waters\watertr01,PG,23,BOS,10,1,9.8,1,3.1,0.323,0.6,1.5,0.4,0.4,1.6,0.25,0.419,0.7,0.8,0.875,0.2,0.6,0.8,3,0.6,0,1.3,0.6,3.3
467,Paul Watson\watsopa01,SF,26,TOR,16,0,4.6,0.6,1.3,0.5,0.6,1.1,0.529,0.1,0.2,0.333,0.725,0,0,,0.1,0.8,0.9,0.1,0,0.1,0.1,0.6,1.8
468,Quinndary Weatherspoon\weathqu01,SG,24,SAS,5,0,4.8,0.2,1,0.2,0,0.2,0,0.2,0.8,0.25,0.2,0.4,0.4,1,0,0.4,0.4,0.6,0.2,0,1.2,1.4,0.8
469,Russell Westbrook\westbru01,PG,32,WAS,27,27,34.2,7.8,18.3,0.428,1.1,3.8,0.294,6.7,14.5,0.463,0.458,3.5,6,0.583,1.6,8.1,9.7,9.8,1.1,0.3,4.8,2.9,20.3
470,Coby White\whiteco01,PG,20,CHI,34,34,33.2,5.9,14.1,0.42,2.4,6.7,0.354,3.5,7.4,0.48,0.504,2,2.3,0.896,0.5,4.6,5.1,5,0.4,0.1,2.4,2.5,16.2
471,Derrick White\whitede01,SG,26,SAS,8,4,23.6,4.3,10.8,0.395,1.9,5.5,0.341,2.4,5.3,0.452,0.483,1.4,1.9,0.733,0.1,1.6,1.8,3.9,1,1,0.9,2.3,11.8
472,Hassan Whiteside\whiteha01,C,31,SAC,23,1,14.6,3.5,6,0.58,0,0,0,3.5,6,0.584,0.58,1.3,2.4,0.545,1.6,4.2,5.7,0.5,0.3,1.3,1,1.8,8.3
473,Greg Whittington\whittgr01,PF,27,DEN,2,0,4,0,1,0,0,1,0,0,0,,0,0,0,,0,0,0,0,0,0,0,0,0
474,Andrew Wiggins\wiggian01,PF,25,GSW,37,37,32.2,6.5,14.1,0.463,1.8,5,0.351,4.8,9.1,0.524,0.525,2.2,3.3,0.672,1,3.4,4.5,2.2,0.8,1.1,1.9,2.3,17
475,Grant Williams\willigr01,PF,22,BOS,28,6,18.5,1.9,4.1,0.47,0.9,2.1,0.433,1,2,0.509,0.583,0.5,1,0.517,1,1.9,2.9,0.9,0.5,0.4,1,2.8,5.3
476,Kenrich Williams\willike04,PF,26,OKC,36,6,18.9,2.6,4.7,0.554,0.6,1.4,0.42,2,3.3,0.61,0.616,0.4,0.7,0.625,1.3,2.7,4,1.6,0.8,0.2,0.9,1.8,6.2
477,Lou Williams\willilo02,PG,34,LAC,35,3,22.7,4.5,10.7,0.422,1.1,2.8,0.398,3.4,7.9,0.431,0.475,2.4,2.7,0.865,0.4,1.9,2.3,3.7,0.9,0.1,1.6,1,12.5
478,Patrick Williams\willipa01,PF,19,CHI,33,33,28.5,3.8,8.1,0.474,0.9,2.3,0.39,2.9,5.8,0.508,0.53,1.6,2,0.788,0.9,3.9,4.8,1.2,0.7,0.8,1.5,2.3,10.2
479,Robert Williams\williro04,C,23,BOS,29,0,16.1,3,4.2,0.721,0,0,0,3,4.2,0.727,0.721,0.9,1.3,0.641,2.3,3.6,5.9,1.1,0.9,1.4,1,1.8,6.9
480,Zion Williamson\willizi01,PF,20,NOP,34,34,33.1,9.9,16.1,0.614,0.2,0.6,0.316,9.7,15.5,0.624,0.619,5.7,8.2,0.695,2.7,4.5,7.2,3.4,0.9,0.7,2.6,2.4,25.6
481,D.J. Wilson\wilsodj01,PF,24,MIL,11,0,9,1.4,3.7,0.366,0.8,2.4,0.346,0.5,1.4,0.4,0.476,0.1,0.2,0.5,0.3,1.8,2.1,0.3,0.1,0.4,0.4,1.1,3.6
482,Dylan Windler\windldy01,SF,24,CLE,22,0,19,2.1,4.7,0.456,1,2.9,0.365,1.1,1.8,0.6,0.568,1,1.2,0.808,0.8,3.3,4.1,1.3,0.7,0.5,1,1.3,6.3
483,Justise Winslow\winslju01,SF,24,MEM,6,0,22.3,4,10.7,0.375,0.5,2.5,0.2,3.5,8.2,0.429,0.398,1,1.7,0.6,0.8,4.3,5.2,1.5,0.5,0.7,1.7,3,9.5
484,Cassius Winston\winstca01,PG,22,WAS,6,0,7.3,0.7,1.7,0.4,0.5,1.2,0.429,0.2,0.5,0.333,0.55,0.3,0.3,1,0,0.7,0.7,1,0,0.2,0.2,0.7,2.2
485,James Wiseman\wisemja01,C,19,GSW,26,17,20.8,4.8,9.5,0.51,0.4,1,0.37,4.5,8.5,0.527,0.53,1.7,2.7,0.629,1.4,4.5,5.9,0.7,0.3,1.1,1.5,3.2,11.8
486,Christian Wood\woodch01,C,25,HOU,17,17,31.2,8.8,15.7,0.558,1.9,4.5,0.421,6.9,11.2,0.613,0.618,2.6,3.8,0.688,1.8,8.4,10.2,1.3,0.9,1.5,1.8,1.9,22
487,Robert Woodard\woodaro01,SF,21,SAC,6,0,2.8,1,1.8,0.545,0.2,0.5,0.333,0.8,1.3,0.625,0.591,0,0.3,0,0.5,0.8,1.3,0,0,0,0.2,0,2.2
488,Delon Wright\wrighde01,SG,28,DET,29,24,29.2,3.8,8.1,0.468,1,2.5,0.384,2.8,5.6,0.506,0.528,2.1,2.7,0.785,1.1,3.5,4.6,4.9,1.4,0.5,1.2,1.1,10.7
489,Thaddeus Young\youngth01,PF,32,CHI,30,0,25.3,5.6,9.1,0.609,0.2,0.7,0.227,5.4,8.4,0.643,0.619,0.8,1.5,0.5,2.4,3.5,5.9,4.4,1.4,0.6,1.9,2.7,12.1
490,Trae Young\youngtr01,PG,22,ATL,34,34,34.8,7.7,17.9,0.43,2.5,6.6,0.378,5.2,11.3,0.46,0.499,8.5,9.6,0.878,0.7,3.4,4.2,9.4,0.9,0.2,4.4,2.1,26.4
491,Cody Zeller\zelleco01,C,28,CHO,18,15,23.4,4.1,7.9,0.514,0.2,1.1,0.158,3.9,6.8,0.569,0.525,1.4,1.8,0.758,2.6,5,7.6,2.4,0.6,0.6,1.1,2.6,9.7
492,Ivica Zubac\zubaciv01,C,23,LAC,38,1,19.8,3.2,4.8,0.659,0,0,0,3.2,4.8,0.663,0.659,1.9,2.3,0.826,2.4,4.6,7,1.1,0.4,0.8,1,2.5,8.2
