Rk,Player,Pos,Age,Tm,G,MP,PG%,SG%,SF%,PF%,C%,OnCourt,On-Off,BadPass,LostBall,Shoot,Off.,Shoot,Off.,PGA,And1,Blkd
1,Precious Achiuwa\achiupr01,PF,21,MIA,35,491,,,,54%,47%,-4.6,-4.5,12,12,31,7,43,6,53,7,20
2,Jaylen Adams\adamsja01,PG,24,MIL,7,18,97%,3%,,,,-38.3,-44.8,0,0,1,0,0,0,5,0,0
3,Steven Adams\adamsst01,C,27,NOP,33,918,,,,,100%,0.3,1.9,19,16,27,11,35,4,157,5,14
4,Bam Adebayo\adebaba01,C,23,MIA,33,1119,,,,51%,49%,-0.4,2.7,44,28,31,19,71,4,452,20,16
5,LaMarcus Aldridge\aldrila01,C,35,SAS,21,544,,,,3%,98%,-6.5,-10.2,9,3,26,6,18,0,90,2,7
6,Ty-Shon Alexander\alexaty01,SG,22,PHO,3,8,,,100%,,,-60.0,-67.0,0,0,0,0,0,0,2,0,0
7,Nickeil Alexander-Walker\alexani01,SG,22,NOP,28,495,3%,80%,17%,,,-3.5,-4.1,20,6,24,2,17,3,123,6,11
8,Grayson Allen\allengr01,SG,25,MEM,23,551,3%,84%,13%,,,2.7,2.5,15,2,15,2,9,5,116,1,10
9,Jarrett Allen\allenja01,C,22,TOT,35,977,,,,9%,91%,-0.7,0.2,23,14,40,8,72,9,146,18,20
9,Jarrett Allen\allenja01,C,22,BRK,12,320,,,,,100%,10.5,6.4,10,5,13,5,31,3,49,9,6
9,Jarrett Allen\allenja01,C,22,CLE,23,657,,,,13%,87%,-6.4,1.4,13,9,27,3,41,6,97,9,14
10,Al-Farouq Aminu\aminual01,PF,30,ORL,9,163,,,,100%,,-18.3,-13.2,5,2,3,1,6,0,36,3,2
11,Kyle Anderson\anderky01,PF,27,MEM,30,829,,,,72%,28%,2.0,1.9,25,10,29,5,39,3,238,8,17
12,Giannis Antetokounmpo\antetgi01,PF,26,MIL,35,1189,,,2%,91%,7%,8.8,9.3,44,30,33,29,186,4,539,47,37
13,Kostas Antetokounmpo\antetko01,PF,23,LAL,3,19,,,,,100%,-6.8,-11.9,1,1,1,1,1,0,0,0,2
14,Thanasis Antetokounmpo\antetth01,SF,28,MIL,26,227,,8%,68%,24%,,-6.0,-13.8,6,5,15,5,5,7,46,1,0
15,Carmelo Anthony\anthoca01,PF,36,POR,34,870,,,,74%,26%,-5.3,-10.0,9,8,30,17,41,2,125,7,11
16,Cole Anthony\anthoco01,PG,20,ORL,25,667,92%,8%,,,,-7.3,-1.6,29,17,21,4,22,8,226,5,25
17,OG Anunoby\anunoog01,SF,23,TOR,23,769,,1%,64%,34%,1%,3.6,4.0,12,10,30,10,21,4,97,4,16
18,Ryan Arcidiacono\arcidry01,PG,26,CHI,18,198,100%,,,,,10.3,11.9,2,1,9,1,5,10,53,3,0
19,D.J. Augustin\augusdj01,PG,33,MIL,34,664,100%,,,,,4.9,-1.8,16,9,8,2,10,6,242,2,15
20,Deni Avdija\avdijde01,SF,20,WAS,30,646,,1%,79%,20%,,-2.3,3.4,12,5,46,2,7,2,89,2,6
21,Deandre Ayton\aytonde01,C,22,PHO,35,1088,,,,17%,83%,4.8,-5.2,8,25,71,17,50,1,143,17,25
22,Udoka Azubuike\azubuud01,C,21,UTA,12,49,,,,,100%,-54.8,-65.5,1,0,6,1,3,0,0,0,1
23,Dwayne Bacon\bacondw01,SG,25,ORL,36,886,1%,52%,47%,,,-10.8,-9.2,13,5,21,2,37,3,87,12,18
24,Marvin Bagley III\baglema01,PF,21,SAC,34,888,,,,64%,36%,-6.2,-1.3,7,17,46,13,52,18,82,10,36
25,LaMelo Ball\ballla01,PG,19,CHO,35,1010,69%,31%,,,,-2.7,-4.9,71,16,29,4,43,5,522,14,20
26,Lonzo Ball\balllo01,PG,23,NOP,33,1048,97%,3%,,,,1.3,4.7,44,9,28,8,18,4,381,4,11
27,Mo Bamba\bambamo01,C,22,ORL,17,161,,,,2%,98%,-5.6,0.7,1,5,17,1,4,1,10,2,5
28,Desmond Bane\banede01,SG,22,MEM,28,639,2%,44%,46%,8%,,3.3,3.7,14,5,25,2,10,1,96,5,12
29,Harrison Barnes\barneha02,PF,28,SAC,33,1179,,,49%,50%,1%,-2.9,8.3,22,19,24,4,63,9,297,16,21
30,RJ Barrett\barrerj01,SG,20,NYK,37,1227,2%,78%,20%,,,1.7,3.4,39,17,40,9,66,6,257,12,45
31,Will Barton\bartowi01,SF,30,DEN,33,986,,20%,67%,14%,,4.2,-1.6,29,19,27,4,17,5,236,6,23
32,Keita Bates-Diop\bateske01,SF,25,SAS,13,107,,23%,74%,3%,1%,-13.6,-14.8,0,0,2,0,4,0,16,0,6
33,Nicolas Batum\batumni01,SF,32,LAC,35,1031,,,10%,89%,1%,8.8,6.9,20,3,28,2,16,6,198,4,3
34,Aron Baynes\baynear01,C,34,TOR,33,649,,,,,100%,-3.8,-8.1,5,9,42,11,12,10,86,2,9
35,Kent Bazemore\bazemke01,SF,31,GSW,35,587,,29%,53%,17%,1%,9.0,12.7,21,7,34,3,14,10,133,4,8
36,Darius Bazley\bazleda01,PF,20,OKC,36,1104,,,7%,89%,4%,-8.8,-8.1,24,26,17,6,40,3,131,7,25
37,Bradley Beal\bealbr01,SG,27,WAS,32,1143,2%,85%,14%,,,-4.7,-0.9,44,44,43,9,117,9,354,35,30
38,Malik Beasley\beaslma01,SG,24,MIN,33,1093,,91%,9%,,,-5.8,8.5,17,23,26,6,35,3,196,11,23
39,Jordan Bell\belljo01,C,26,WAS,3,50,,,,59%,42%,-37.9,-34.4,1,1,3,0,0,1,12,0,2
40,DeAndre' Bembry\bembrde01,SF,26,TOR,27,443,1%,23%,73%,4%,,1.4,0.2,15,9,16,0,11,4,130,2,8
41,Dāvis Bertāns\bertada01,PF,28,WAS,30,783,,,,94%,6%,-1.2,6.3,8,4,28,6,17,7,66,5,5
42,Patrick Beverley\beverpa01,PG,32,LAC,28,678,80%,20%,,,,12.3,10.1,15,1,34,7,11,11,144,1,6
43,Saddiq Bey\beysa01,SF,21,DET,34,778,,7%,78%,15%,,-5.1,-2.2,9,2,23,3,26,2,97,4,9
44,Tyler Bey\beyty01,SF,22,DAL,4,13,,,,26%,74%,-62.1,-62.1,0,0,1,0,2,1,0,0,0
45,Khem Birch\birchkh01,C,28,ORL,35,703,,,,50%,50%,-5.8,0.9,3,8,32,5,34,5,93,6,14
46,Goga Bitadze\bitadgo01,C,21,IND,16,148,,,,,100%,1.6,1.4,1,0,14,3,5,0,10,1,2
47,Bismack Biyombo\biyombi01,C,28,CHO,33,736,,,,,100%,-5.1,-7.7,9,4,41,11,27,1,105,7,22
48,Nemanja Bjelica\bjeline01,PF,32,SAC,19,342,,,,87%,13%,-6.7,-1.4,8,7,11,6,15,0,100,5,6
49,Eric Bledsoe\bledser01,SG,31,NOP,35,1038,30%,70%,,,,-2.7,-5.4,36,9,29,6,36,11,314,7,10
50,Keljin Blevins\blevike01,SF,25,POR,9,47,17%,54%,29%,,,-5.9,-5.5,2,0,3,0,0,0,10,0,2
51,Bogdan Bogdanović\bogdabo01,SG,28,ATL,11,249,,44%,56%,,,-2.7,-3.8,6,3,7,2,3,1,60,0,2
52,Bojan Bogdanović\bogdabo02,SF,31,UTA,36,1102,,,2%,98%,,8.9,0.0,18,21,21,5,39,6,181,6,24
53,Bol Bol\bolbo01,PF,21,DEN,15,84,,,,66%,34%,-23.1,-29.6,1,4,5,0,0,0,10,0,0
54,Marques Bolden\boldema01,C,22,CLE,6,29,,,,85%,15%,8.9,16.4,0,1,0,0,0,0,0,0,0
55,Jordan Bone\bonejo01,PG,23,ORL,14,196,100%,,,,,-15.8,-10.6,2,0,2,0,0,2,44,0,0
56,Isaac Bonga\bongais01,SF,21,WAS,22,271,,1%,64%,35%,,-0.8,4.4,5,1,17,1,2,3,29,2,0
57,Devin Booker\bookede01,SG,24,PHO,31,1050,1%,92%,7%,,,7.0,0.7,50,21,37,17,80,8,340,23,23
58,Chris Boucher\bouchch01,C,28,TOR,36,851,,,,11%,89%,5.9,8.9,9,6,63,4,56,8,88,11,22
59,Brian Bowen\bowenbr02,SF,22,IND,1,5,,,100%,,,-68.2,-68.7,0,0,0,0,1,0,0,1,0
60,Avery Bradley\bradlav01,SG,30,MIA,10,211,22%,74%,4%,,,-1.7,-0.4,5,3,9,1,4,1,32,1,4
61,Tony Bradley\bradlto01,C,23,PHI,12,127,,,,17%,83%,-1.3,-5.4,1,0,9,0,2,0,12,1,5
62,Jarrell Brantley\brantja01,PF,24,UTA,10,28,,4%,66%,31%,,-15.9,-25.1,1,0,4,0,0,0,0,0,0
63,Ignas Brazdeikis\brazdig01,SF,22,NYK,4,7,,,46%,54%,,-52.7,-53.6,0,1,0,0,1,0,2,0,0
64,Mikal Bridges\bridgmi01,SF,24,PHO,35,1131,,10%,86%,4%,,6.6,-0.3,14,9,24,2,36,8,188,9,14
65,Miles Bridges\bridgmi02,PF,22,CHO,35,937,,,,94%,6%,1.4,4.9,26,12,44,7,20,5,181,6,14
66,Malcolm Brogdon\brogdma01,PG,28,IND,34,1211,52%,43%,6%,,,-0.4,-2.4,43,18,24,5,41,4,509,14,50
67,Dillon Brooks\brookdi01,SF,25,MEM,29,846,,22%,73%,5%,,2.4,3.0,30,15,39,6,32,6,171,8,19
68,Bruce Brown\brownbr01,PG,24,BRK,33,698,40%,60%,,,,4.8,-0.8,12,11,34,0,28,0,124,5,16
69,Jaylen Brown\brownja02,SG,24,BOS,33,1115,1%,57%,40%,3%,,1.2,2.4,29,39,27,14,73,5,306,20,32
70,Moses Brown\brownmo01,C,21,OKC,7,31,,,,,100%,-17.6,-12.1,0,0,1,1,4,0,6,0,1
71,Sterling Brown\brownst02,SG,25,HOU,32,713,7%,43%,47%,2%,,-4.6,1.4,15,6,40,2,7,0,135,3,12
72,Troy Brown Jr.\browntr01,SF,21,WAS,17,231,,23%,65%,12%,,-10.1,-6.6,4,4,10,3,6,2,32,2,3
73,Jalen Brunson\brunsja01,PG,24,DAL,30,748,71%,29%,,,,-1.0,-0.9,26,7,15,4,27,15,253,5,6
74,Thomas Bryant\bryanth01,C,23,WAS,10,271,,,,,100%,-3.3,1.4,2,4,18,4,16,3,35,10,2
75,Reggie Bullock\bullore01,SF,29,NYK,32,841,,4%,94%,2%,,0.1,-1.0,13,6,41,2,7,2,96,0,8
76,Trey Burke\burketr01,PG,28,DAL,33,537,98%,2%,,,,-2.7,-3.3,12,2,18,3,11,4,130,3,10
77,Alec Burks\burksal01,SG,29,NYK,25,617,,21%,79%,,,6.7,9.4,19,6,29,0,23,4,123,5,15
78,Jimmy Butler\butleji01,SF,31,MIA,22,729,,,62%,38%,,6.2,13.0,34,11,13,3,81,3,420,12,22
79,Bruno Caboclo\cabocbr01,PF,25,HOU,6,36,,,,33%,67%,1.3,6.8,3,0,4,0,0,1,3,0,1
80,Devontae Cacok\cacokde01,PF,24,LAL,4,17,,,,82%,18%,15.9,11.1,1,0,0,0,1,0,0,0,0
81,Kentavious Caldwell-Pope\caldwke01,SG,27,LAL,33,863,1%,18%,74%,7%,,8.4,6.7,18,9,20,2,17,15,113,3,10
82,Facundo Campazzo\campafa01,PG,29,DEN,30,488,100%,,,,,6.2,1.8,18,3,18,2,12,11,156,4,1
83,Vlatko Čančar\cancavl01,PF,23,DEN,20,122,,,54%,36%,11%,-15.5,-22.0,4,2,7,0,3,0,16,2,2
84,Clint Capela\capelca01,C,26,ATL,32,949,,,,,100%,5.2,10.0,7,13,40,14,46,1,72,10,29
85,Vernon Carey Jr.\careyve01,C,19,CHO,3,6,,,,,100%,27.3,28.1,0,0,0,0,1,0,2,0,0
86,Jevon Carter\carteje01,PG,25,PHO,29,289,25%,75%,,,,0.5,-7.5,3,1,19,0,1,3,86,0,3
87,Wendell Carter Jr.\cartewe01,C,21,CHI,23,618,,,,,100%,-7.3,-11.5,12,12,43,11,42,3,129,6,16
88,Michael Carter-Williams\cartemi01,SG,29,ORL,17,450,65%,34%,2%,,,3.8,13.8,15,9,19,5,20,17,178,8,11
89,Alex Caruso\carusal01,PG,26,LAL,29,577,99%,1%,,,,9.3,6.4,18,10,27,3,11,12,161,3,9
90,Willie Cauley-Stein\caulewi01,C,27,DAL,31,537,,,,19%,81%,5.8,9.3,10,2,49,3,22,6,57,2,8
91,Chris Chiozza\chiozch01,PG,25,BRK,15,136,100%,,,,,-3.8,-9.8,7,1,5,1,6,1,86,1,3
92,Marquese Chriss\chrisma01,PF,23,GSW,2,27,,,,9%,91%,-44.3,-45.5,1,0,1,1,2,0,5,0,1
93,Gary Clark\clarkga01,SF,26,ORL,30,572,,2%,38%,61%,,-8.0,-2.5,12,0,25,0,3,4,61,1,4
94,Brandon Clarke\clarkbr01,PF,24,MEM,27,726,,,34%,65%,1%,-1.1,-4.1,7,7,26,2,33,5,99,15,17
95,Jordan Clarkson\clarkjo01,SG,28,UTA,36,937,14%,85%,1%,,,8.0,-1.8,21,22,16,6,25,0,209,8,22
96,Nicolas Claxton\claxtni01,C,21,BRK,5,76,,,,,100%,13.0,8.0,0,2,6,0,9,1,13,4,2
97,Amir Coffey\coffeam01,SG,23,LAC,20,154,,5%,76%,19%,,-8.7,-15.8,4,3,5,0,4,1,21,1,2
98,John Collins\collijo01,PF,23,ATL,36,1104,,,,79%,21%,2.2,4.4,15,15,64,12,47,6,124,14,33
99,Mike Conley\conlemi01,PG,33,UTA,29,853,100%,,,,,14.4,10.8,33,15,13,4,30,12,416,3,12
100,Pat Connaughton\connapa01,SG,28,MIL,33,697,1%,39%,58%,2%,,9.8,6.4,6,2,29,3,8,4,110,1,11
101,Quinn Cook\cookqu01,PG,27,LAL,16,62,100%,,,,,-0.6,-5.8,1,2,1,0,2,0,12,1,2
102,Tyler Cook\cookty01,PF,23,BRK,4,17,,,,,100%,35.9,30.9,0,0,0,1,0,0,6,0,1
103,DeMarcus Cousins\couside01,C,30,HOU,25,506,,,,,100%,-4.3,1.6,19,9,40,7,25,4,148,6,13
104,Robert Covington\covinro01,PF,30,POR,33,1054,,,13%,86%,,3.9,11.7,17,2,49,10,9,7,146,0,8
105,Torrey Craig\craigto01,SF,30,MIL,17,194,,8%,58%,34%,,-11.7,-19.9,0,2,14,1,1,2,30,0,5
106,Jae Crowder\crowdja01,PF,30,PHO,32,883,,,38%,63%,,5.6,-2.3,21,0,31,6,15,8,160,2,7
107,Jarrett Culver\culveja01,SG,21,MIN,19,376,,2%,75%,23%,,-8.5,0.7,9,6,26,3,15,4,42,1,12
108,Seth Curry\curryse01,SG,30,PHI,28,836,19%,81%,,,,8.9,9.9,20,9,15,6,14,5,178,4,11
109,Stephen Curry\curryst01,PG,32,GSW,35,1194,83%,17%,,,,2.0,5.0,61,23,25,8,76,8,518,28,31
110,Anthony Davis\davisan02,PF,27,LAL,23,755,,,,88%,12%,8.9,6.8,16,17,22,6,50,3,169,13,13
111,Ed Davis\davised01,C,31,MIN,19,264,,,,,100%,-12.0,-3.5,1,0,31,5,4,1,48,0,8
112,Terence Davis\daviste02,SG,23,TOR,30,442,5%,48%,46%,1%,,5.3,5.4,13,6,18,2,9,0,82,6,11
113,DeMar DeRozan\derozde01,PF,31,SAS,29,981,,,34%,66%,,-1.7,-5.0,23,21,36,3,92,10,515,17,37
114,Hamidou Diallo\diallha01,SG,22,OKC,32,761,18%,52%,26%,4%,,-5.6,0.4,20,10,36,11,67,6,193,16,22
115,Gorgui Dieng\dienggo01,C,31,MEM,22,371,,,,,100%,-1.6,-3.5,4,6,23,7,21,2,69,3,5
116,Spencer Dinwiddie\dinwisp01,SG,27,BRK,3,64,1%,98%,1%,,,28.7,24.3,4,0,1,1,3,0,24,0,0
117,Donte DiVincenzo\divindo01,SG,24,MIL,36,960,7%,85%,8%,,,10.4,10.0,28,11,24,3,10,10,249,1,18
118,Luka Dončić\doncilu01,PG,21,DAL,32,1125,48%,47%,6%,,,1.2,5.4,93,24,32,6,107,1,693,30,28
119,Luguentz Dort\dortlu01,SG,21,OKC,35,1040,31%,68%,1%,,,-5.3,1.3,18,18,30,10,42,34,128,10,28
120,Damyean Dotson\dotsoda01,SG,26,CLE,30,565,45%,47%,8%,,,-8.8,-2.3,16,4,11,1,12,1,150,2,11
121,Devon Dotson\dotsode01,PG,21,CHI,1,10,100%,,,,,-9.1,-8.9,0,0,0,0,0,1,0,0,1
122,Sekou Doumbouya\doumbse01,PF,20,DET,32,439,,,1%,97%,2%,-11.6,-10.2,4,5,11,6,14,0,51,2,13
123,PJ Dozier\doziepj01,SG,24,DEN,21,408,2%,25%,61%,12%,,10.7,7.6,5,8,19,2,22,5,88,7,11
124,Goran Dragić\dragigo01,PG,34,MIA,22,596,64%,36%,,,,2.1,5.2,34,11,20,11,20,7,262,4,11
125,Andre Drummond\drumman01,C,27,CLE,25,722,,,,5%,95%,-7.3,0.0,40,24,28,10,67,7,142,17,50
126,Jared Dudley\dudleja01,PF,35,LAL,11,76,,,16%,62%,22%,1.3,-3.8,2,0,3,0,0,0,13,0,1
127,Kevin Durant\duranke01,PF,32,BRK,19,679,,,19%,76%,5%,11.2,9.6,36,19,20,7,53,3,235,12,18
128,Anthony Edwards\edwaran01,SG,19,MIN,36,1048,,19%,60%,21%,,-9.5,-1.2,31,23,30,5,42,1,221,8,30
129,Carsen Edwards\edwarca01,SG,22,BOS,14,147,24%,70%,6%,,,-6.6,-7.7,0,1,9,0,5,1,16,2,2
130,CJ Elleby\ellebcj01,SF,20,POR,13,105,,22%,69%,9%,,-3.9,-3.6,1,2,13,0,4,1,9,1,1
131,Wayne Ellington\ellinwa01,SG,33,DET,28,650,,95%,5%,,,-4.4,-0.9,15,3,19,0,7,3,95,2,6
132,Joel Embiid\embiijo01,C,26,PHI,30,990,,,,,100%,11.6,18.0,37,34,40,12,134,3,235,28,19
133,James Ennis\ennisja01,SF,30,ORL,24,514,,51%,47%,2%,,1.8,11.5,8,5,29,5,18,7,80,4,9
134,Drew Eubanks\eubandr01,C,23,SAS,15,180,,,,5%,95%,-8.0,-9.2,1,3,14,3,9,1,21,2,7
135,Dante Exum\exumda01,SG,25,CLE,6,116,3%,45%,52%,,,4.5,12.6,4,1,4,0,1,4,26,0,0
136,Tacko Fall\fallta01,C,25,BOS,8,57,,,,,100%,34.5,35.3,0,1,7,0,4,0,3,0,1
137,Derrick Favors\favorde01,C,29,UTA,34,550,,,,4%,97%,5.0,-5.7,10,2,58,5,24,1,80,7,13
138,Cristiano Felício\feliccr01,C,28,CHI,6,38,,,,,100%,2.8,3.1,1,1,2,1,4,1,10,0,0
139,Terrance Ferguson\fergute01,SG,22,PHI,9,34,,,59%,41%,,-18.8,-23.0,3,0,2,0,0,0,5,0,0
140,Bruno Fernando\fernabr01,C,22,ATL,18,151,,,,,100%,-2.6,-3.5,2,4,10,5,5,0,21,1,4
141,Yogi Ferrell\ferreyo01,PG,27,CLE,2,40,100%,,,,,-12.0,-4.8,1,0,1,1,1,1,11,1,2
142,Dorian Finney-Smith\finnedo01,PF,27,DAL,25,787,,,42%,58%,,1.3,3.4,10,1,26,1,7,4,84,2,9
143,Malachi Flynn\flynnma01,PG,22,TOR,15,125,100%,,,,,-12.0,-14.4,4,0,6,0,1,1,42,1,2
144,Bryn Forbes\forbebr01,SG,27,MIL,36,675,56%,44%,1%,,,-0.4,-10.4,2,2,16,8,9,0,51,3,9
145,Trent Forrest\forretr01,PG,22,UTA,7,20,100%,,,,,-32.7,-42.0,0,0,0,0,1,0,11,0,0
146,Evan Fournier\fournev01,SF,28,ORL,21,613,,3%,92%,5%,,-3.8,3.9,20,17,21,3,42,4,189,10,19
147,De'Aaron Fox\foxde01,PG,23,SAC,35,1198,98%,2%,,,,-6.9,-4.4,55,47,33,7,119,15,630,27,37
148,Tim Frazier\fraziti01,PG,30,MEM,3,33,100%,,,,,8.8,7.9,3,0,2,0,0,0,18,0,1
149,Markelle Fultz\fultzma01,PG,22,ORL,8,215,93%,6%,1%,,,-4.9,1.6,9,6,10,3,8,1,103,5,7
150,Wenyen Gabriel\gabriwe01,PF,23,NOP,4,12,,,12%,88%,,35.2,36.0,0,0,0,0,0,0,3,0,0
151,Daniel Gafford\gaffoda01,PF,22,CHI,26,343,,,,25%,75%,-2.5,-2.9,4,9,34,4,15,5,38,3,4
152,Danilo Gallinari\gallida01,PF,32,ATL,24,525,,,,53%,47%,0.8,0.3,10,8,22,4,31,2,95,4,10
153,Langston Galloway\gallola01,SG,29,PHO,25,262,21%,47%,33%,,,3.0,-4.4,5,0,6,1,8,1,39,3,0
154,Darius Garland\garlada01,PG,21,CLE,28,922,100%,,,,,-8.3,-2.2,52,14,28,7,17,11,375,3,19
155,Marc Gasol\gasolma01,C,36,LAL,35,703,,,,,100%,4.7,-0.4,22,2,44,5,16,5,161,7,5
156,Rudy Gay\gayru01,PF,34,SAS,26,572,,,5%,87%,8%,10.3,16.2,12,10,21,4,18,2,88,3,13
157,Paul George\georgpa01,SF,30,LAC,27,904,,2%,91%,7%,,12.3,12.7,53,22,20,13,49,11,375,9,10
158,Taj Gibson\gibsota01,PF,35,NYK,12,181,,,,,100%,11.9,12.6,4,1,11,2,5,2,14,0,2
159,Harry Giles\gilesha01,C,22,POR,22,260,,,,,100%,-10.2,-11.4,7,4,24,5,8,2,54,2,5
160,Shai Gilgeous-Alexander\gilgesh01,SG,22,OKC,30,1020,7%,26%,67%,1%,,-6.5,-1.6,47,27,25,6,80,3,474,18,31
161,Anthony Gill\gillan01,PF,28,WAS,12,67,,,3%,92%,5%,-25.0,-21.4,0,2,1,1,1,0,8,0,0
162,Rudy Gobert\goberru01,C,28,UTA,36,1105,,,,,100%,13.8,13.5,8,19,33,17,95,3,125,23,27
163,Brandon Goodwin\goodwbr01,PG,25,ATL,24,289,100%,,,,,0.0,-0.7,6,1,7,4,6,2,106,0,8
164,Aaron Gordon\gordoaa01,PF,25,ORL,19,552,,,9%,91%,,-3.6,4.0,30,8,15,9,32,2,187,4,13
165,Eric Gordon\gordoer01,SG,32,HOU,26,763,43%,54%,3%,,,-3.8,3.0,24,13,21,8,48,0,171,10,17
166,Devonte' Graham\grahade01,PG,25,CHO,25,821,100%,,,,,3.8,8.7,26,7,14,2,22,4,343,1,11
167,Jerami Grant\grantje01,SF,26,DET,33,1194,,,47%,53%,1%,-2.4,4.6,33,16,44,9,90,15,233,13,34
168,Danny Green\greenda02,SF,33,PHI,36,1018,,,86%,14%,,5.0,3.0,26,7,33,5,7,3,141,2,8
169,Draymond Green\greendr01,PF,30,GSW,31,918,,,,63%,37%,3.6,6.5,63,10,47,8,18,16,623,6,9
170,JaMychal Green\greenja01,PF,30,DEN,25,512,,,5%,72%,23%,6.5,2.2,9,2,38,9,16,1,60,4,14
171,Javonte Green\greenja02,SG,27,BOS,22,330,5%,51%,44%,,,-3.8,-5.2,8,3,11,0,15,3,25,4,3
172,Jeff Green\greenje02,C,34,BRK,33,870,,,,46%,54%,2.6,-5.1,13,4,39,5,25,8,120,9,11
173,Josh Green\greenjo02,SG,20,DAL,17,212,,45%,53%,2%,,-2.4,-2.1,5,3,8,1,6,4,25,1,2
174,Blake Griffin\griffbl01,PF,31,DET,20,626,,,,93%,7%,-6.3,-3.8,13,8,19,5,27,17,192,5,7
175,Kyle Guy\guyky01,PG,23,SAC,14,115,100%,,,,,4.6,10.9,3,0,5,0,2,1,34,0,1
176,Rui Hachimura\hachiru01,PF,22,WAS,27,813,,,33%,66%,1%,-5.5,-2.1,5,13,30,5,42,2,120,9,24
177,Ashton Hagans\haganas01,PG,21,MIN,2,4,,100%,,,,-40.0,-31.0,1,0,0,0,0,0,0,0,0
178,Tyrese Haliburton\halibty01,PG,20,SAC,30,903,9%,69%,23%,,,-4.6,2.1,29,4,16,0,13,1,378,5,8
179,Josh Hall\halljo01,SF,20,OKC,7,51,18%,47%,35%,1%,,-22.0,-16.8,1,0,4,1,4,0,17,1,0
180,R.J. Hampton\hamptrj01,PG,19,DEN,24,220,25%,51%,24%,,,-11.4,-18.7,4,4,8,2,4,0,32,0,4
181,Tim Hardaway Jr.\hardati02,SG,28,DAL,33,975,,14%,79%,7%,,-2.2,-4.0,9,13,26,6,33,15,142,7,17
182,James Harden\hardeja01,PG-SG,31,TOT,31,1173,24%,45%,30%,,,3.4,4.9,82,32,30,10,78,4,820,13,31
182,James Harden\hardeja01,SG,31,HOU,8,290,16%,53%,31%,,,-5.7,-0.3,20,10,7,1,18,0,193,3,11
182,James Harden\hardeja01,PG,31,BRK,23,883,27%,43%,30%,,,6.5,2.4,62,22,23,9,60,4,627,10,20
183,Maurice Harkless\harklma01,SF,27,MIA,10,109,,5%,59%,36%,,-12.8,-12.2,0,2,6,0,1,0,17,0,0
184,Jared Harper\harpeja01,PG,23,NYK,2,5,100%,,,,,-25.0,-25.7,2,0,0,0,1,0,0,0,0
185,Montrezl Harrell\harremo01,C,27,LAL,37,891,,,,,100%,3.9,-1.9,13,15,42,7,71,17,93,27,19
186,Gary Harris\harriga01,SG,26,DEN,19,581,1%,80%,19%,,,7.9,4.4,6,3,22,1,13,4,81,4,6
187,Jalen Harris\harrija01,SG,22,TOR,2,4,,52%,48%,,,24.4,23.2,1,0,2,0,0,0,0,0,0
188,Joe Harris\harrijo01,SF,29,BRK,37,1144,,28%,43%,29%,,7.5,6.3,21,1,39,2,14,11,160,4,14
189,Tobias Harris\harrito02,PF,28,PHI,31,1066,,,,96%,4%,6.6,7.3,27,16,37,9,41,0,251,8,33
190,Shaquille Harrison\harrish01,SG,27,UTA,17,56,,77%,24%,,,-41.9,-52.5,2,1,0,0,1,0,24,0,1
191,Josh Hart\hartjo01,SF,25,NOP,36,1032,,8%,88%,4%,,-1.0,-1.0,14,7,40,4,32,6,182,9,18
192,Isaiah Hartenstein\harteis01,C,22,DEN,26,243,,,,,100%,9.4,5.2,8,0,24,10,18,4,37,6,6
193,Jaxson Hayes\hayesja02,C,20,NOP,25,311,,,,,100%,-5.3,-5.8,4,4,26,6,15,4,22,5,4
194,Killian Hayes\hayeski01,PG,19,DET,7,148,100%,,,,,-10.5,-7.2,10,4,9,0,1,1,60,0,4
195,Gordon Hayward\haywago01,SF,30,CHO,31,1080,,1%,81%,18%,,0.1,2.4,27,22,24,6,57,3,296,13,23
196,Juan Hernangómez\hernaju01,PF,25,MIN,17,271,,,,85%,15%,-6.6,2.9,4,1,8,0,9,1,25,3,5
197,Willy Hernangómez\hernawi01,C,26,NOP,20,359,,,,,100%,1.4,2.5,5,2,13,1,15,3,63,4,11
198,Tyler Herro\herroty01,SG,21,MIA,25,818,36%,53%,11%,,,-4.4,-5.8,39,14,23,4,24,3,219,8,17
199,Buddy Hield\hieldbu01,SG,28,SAC,36,1253,,53%,46%,2%,,-5.4,0.6,33,21,47,1,13,4,258,2,16
200,George Hill\hillge01,PG,34,OKC,14,369,95%,5%,,,,-1.4,5.5,6,6,7,0,10,2,105,3,3
201,Solomon Hill\hillso01,PF,29,ATL,36,686,,,52%,48%,,-2.3,-4.8,13,3,25,3,10,2,81,3,4
202,Nate Hinton\hintona01,SG,21,DAL,6,19,,92%,7%,1%,,-53.7,-53.8,1,0,1,0,0,1,0,0,1
203,Aaron Holiday\holidaa01,PG,24,IND,35,667,100%,,,,,0.3,0.0,17,6,21,2,14,9,149,0,19
204,Jrue Holiday\holidjr01,PG,30,MIL,26,805,73%,27%,,,,10.0,7.7,29,8,17,0,20,5,317,9,18
205,Justin Holiday\holidju01,SG,31,IND,35,1130,,24%,59%,17%,,0.6,1.0,15,8,39,2,21,5,140,4,8
206,Richaun Holmes\holmeri01,C,27,SAC,32,942,,,,,100%,-1.0,10.0,15,7,71,17,37,1,133,12,16
207,Rodney Hood\hoodro01,SF,28,POR,30,575,,17%,78%,6%,,-5.8,-8.1,14,7,23,2,5,6,86,2,5
208,Al Horford\horfoal01,C,34,OKC,24,677,,,,4%,96%,-5.1,1.2,11,6,26,5,8,1,204,5,9
209,Talen Horton-Tucker\hortota01,SG,20,LAL,33,576,3%,28%,59%,10%,,-1.9,-9.9,18,11,31,7,20,7,144,9,14
210,Danuel House\houseda01,SF,27,HOU,22,602,,,31%,53%,17%,-14.4,-14.2,10,6,26,3,19,3,109,5,8
211,Dwight Howard\howardw01,C,35,PHI,36,574,,,,2%,98%,-5.2,-13.4,17,13,38,25,46,1,61,6,10
212,Markus Howard\howarma02,SG,21,DEN,17,55,1%,78%,20%,,,-29.3,-35.5,4,0,2,0,0,0,14,0,3
213,Kevin Huerter\huertke01,SG,22,ATL,36,1157,2%,95%,4%,,,-2.6,-9.6,31,10,35,0,14,2,314,4,18
214,Elijah Hughes\hugheel01,SF,22,UTA,6,27,,,70%,30%,,-34.1,-43.7,1,2,0,0,0,0,7,0,1
215,De'Andre Hunter\huntede01,SF,23,ATL,18,579,,1%,65%,35%,,6.3,8.6,6,13,18,3,29,9,100,3,6
216,Chandler Hutchison\hutchch01,SF,24,CHI,7,64,,8%,60%,32%,,6.3,6.8,2,2,7,0,1,1,10,0,1
217,Serge Ibaka\ibakase01,C,31,LAC,37,887,,,,,100%,8.9,5.9,13,11,38,11,23,2,166,8,10
218,Andre Iguodala\iguodan01,SF,37,MIA,34,735,,23%,64%,13%,,-2.7,-2.2,25,4,28,1,8,7,190,1,1
219,Joe Ingles\inglejo01,SF,33,UTA,32,846,,1%,82%,17%,,10.9,4.0,30,7,13,10,12,8,337,2,6
220,Brandon Ingram\ingrabr01,SF,23,NOP,36,1255,,,59%,41%,,-1.3,-2.5,39,27,35,13,77,5,418,21,32
221,Kyrie Irving\irvinky01,PG,28,BRK,26,924,100%,,,,,10.3,10.4,34,20,35,4,42,5,372,6,25
222,Wesley Iwundu\iwundwe01,SF,26,DAL,20,246,,4%,73%,24%,,-7.3,-8.1,2,1,12,0,4,4,19,1,5
223,Frank Jackson\jacksfr01,PG,22,DET,9,54,56%,44%,,,,14.2,18.7,4,0,2,0,0,1,25,0,3
224,Josh Jackson\jacksjo02,SG,23,DET,32,797,,85%,15%,,,-1.3,4.8,30,25,42,12,62,10,143,21,40
225,Justin Jackson\jacksju01,SF,25,OKC,25,405,1%,39%,53%,8%,,-5.8,0.0,14,6,10,2,9,3,96,2,6
226,Reggie Jackson\jacksre01,SG,30,LAC,35,709,48%,48%,4%,,,2.7,-5.1,27,3,29,1,16,6,257,6,10
227,Justin James\jamesju01,SF,24,SAC,13,69,5%,21%,56%,19%,,-5.1,0.5,2,0,0,0,4,0,12,2,1
228,LeBron James\jamesle01,PG,36,LAL,36,1245,72%,28%,,,,8.5,11.3,80,30,19,6,108,10,668,39,23
229,DaQuan Jeffries\jeffrda01,SG,23,SAC,12,189,,6%,60%,34%,,2.1,8.6,3,1,12,0,4,4,10,1,6
230,Ty Jerome\jeromty01,SG,23,OKC,4,100,25%,73%,2%,,,-3.5,2.5,1,0,9,1,0,0,32,0,0
231,Isaiah Joe\joeis01,SG,21,PHI,20,240,73%,24%,3%,,,-2.8,-7.7,3,1,10,1,1,10,34,0,2
232,Cameron Johnson\johnsca02,PF,24,PHO,34,823,,,3%,96%,1%,11.4,9.0,13,9,21,0,18,10,110,8,9
233,James Johnson\johnsja01,PF,33,DAL,27,484,,,2%,96%,2%,-3.3,-3.9,13,6,30,5,13,0,118,6,5
234,Keldon Johnson\johnske04,SF,21,SAS,29,845,,7%,88%,6%,,-5.8,-13.3,16,11,37,6,56,2,149,16,30
235,Stanley Johnson\johnsst04,PF,24,TOR,32,441,,,22%,68%,10%,-3.3,-6.2,12,2,23,6,4,4,109,0,6
236,Tyler Johnson\johnsty01,SG,28,BRK,18,250,9%,66%,23%,2%,,7.9,3.1,3,1,7,0,2,4,39,0,3
237,Nikola Jokić\jokicni01,C,25,DEN,36,1293,,,,,100%,6.8,7.0,66,29,53,11,63,3,736,23,29
238,Damian Jones\jonesda03,C,25,TOT,17,125,,,,7%,94%,-11.7,-18.1,3,0,14,2,5,0,10,3,3
238,Damian Jones\jonesda03,C,25,PHO,14,94,,,,9%,91%,-17.1,-25.2,3,0,11,2,4,0,10,3,3
238,Damian Jones\jonesda03,C,25,LAL,3,31,,,,,100%,6.2,1.2,0,0,3,0,1,0,0,0,0
239,Derrick Jones Jr.\jonesde02,SF,23,POR,31,838,,10%,89%,1%,,3.1,7.2,12,4,38,4,27,5,67,4,9
240,Mason Jones\jonesma05,SG,22,HOU,22,244,24%,71%,5%,,,-14.2,-10.4,17,1,11,2,20,0,71,5,4
241,Tre Jones\jonestr01,PG,21,SAS,12,43,65%,35%,,,,-23.8,-24.6,2,1,2,0,3,0,9,1,0
242,Tyus Jones\jonesty01,PG,24,MEM,32,691,100%,,,,,-3.4,-8.1,24,3,6,1,11,4,351,2,10
243,DeAndre Jordan\jordade01,C,32,BRK,35,799,,,,,100%,5.6,0.6,19,17,44,15,26,3,156,8,4
244,Cory Joseph\josepco01,PG,29,SAC,36,749,49%,51%,,,,-10.0,-7.8,19,10,39,4,14,9,205,3,10
245,Mfiondu Kabengele\kabenmf01,PF,23,LAC,20,81,,,,72%,28%,-4.4,-10.7,1,1,11,1,2,1,13,0,1
246,Frank Kaminsky\kaminfr01,C,27,PHO,27,428,,,,,100%,4.8,-2.5,8,3,19,1,16,5,110,5,10
247,Enes Kanter\kanteen01,C,28,POR,35,919,,,,1%,99%,2.4,6.3,12,16,64,7,43,1,104,15,34
248,Luke Kennard\kennalu01,SG,24,LAC,34,684,20%,66%,14%,,,0.8,-8.1,18,7,28,0,8,0,147,5,6
249,Maxi Kleber\klebima01,PF,29,DAL,22,569,,,,81%,20%,4.5,7.8,6,4,28,2,7,6,74,1,2
250,Nathan Knight\knighna01,PF,23,ATL,10,58,,,20%,54%,26%,-12.2,-13.2,0,2,5,2,4,0,3,2,2
251,Kevin Knox\knoxke01,SF,21,NYK,26,397,,,59%,40%,1%,-7.5,-10.5,7,3,22,2,9,2,41,4,4
252,John Konchar\konchjo01,SG,24,MEM,19,308,12%,49%,38%,,,-2.3,-4.3,4,2,14,2,4,1,60,0,6
253,Furkan Korkmaz\korkmfu01,SG,23,PHI,25,467,,13%,59%,27%,2%,2.6,-1.6,17,3,15,1,11,5,50,2,4
254,Luke Kornet\kornelu01,PF,25,CHI,10,83,,,,11%,89%,13.4,14.3,0,1,1,0,1,0,10,0,1
255,Rodions Kurucs\kurucro01,SF-PF,22,TOT,16,91,,,6%,59%,35%,-5.0,-5.3,5,3,5,1,0,0,14,0,1
255,Rodions Kurucs\kurucro01,PF,22,BRK,5,16,,,,85%,14%,-18.5,-24.0,0,0,0,0,0,0,5,0,0
255,Rodions Kurucs\kurucro01,SF,22,HOU,11,75,,,7%,54%,39%,-2.4,3.2,5,3,5,1,0,0,9,0,1
256,Kyle Kuzma\kuzmaky01,SF,25,LAL,36,932,,,51%,49%,,2.1,-5.9,14,15,31,15,16,4,97,4,16
257,Jeremy Lamb\lambje01,SG,28,IND,21,486,,36%,52%,12%,,-3.2,-4.8,7,5,20,2,26,8,82,5,7
258,Zach LaVine\lavinza01,SG,25,CHI,34,1209,7%,55%,38%,,,-2.3,-7.8,78,33,45,8,76,2,422,22,36
259,Jake Layman\laymaja01,SF,26,MIN,24,372,,1%,43%,56%,,-12.1,-4.0,7,4,14,4,16,4,40,5,8
260,Jalen Lecque\lecquja01,PG,20,IND,3,9,76%,24%,,,,-20.0,-20.4,0,0,0,0,2,0,5,1,0
261,Damion Lee\leeda03,SG,28,GSW,37,712,,64%,32%,3%,,2.6,3.5,8,5,26,4,10,11,129,4,0
262,Saben Lee\leesa01,PG,21,DET,15,238,100%,,,,,-0.4,4.1,12,2,12,0,17,3,89,3,7
263,Alex Len\lenal01,C,27,TOT,26,352,,,,,100%,-8.1,-7.4,7,8,28,9,21,1,63,2,8
263,Alex Len\lenal01,C,27,TOR,7,76,,,,,100%,-14.7,-16.8,1,2,6,3,3,0,9,0,1
263,Alex Len\lenal01,C,27,WAS,19,276,,,,,100%,-6.3,-2.3,6,6,22,6,18,1,54,2,7
264,Kawhi Leonard\leonaka01,SF,29,LAC,30,1039,,55%,42%,2%,,11.4,12.8,16,23,16,9,66,3,388,11,15
265,Meyers Leonard\leoname01,C,28,MIA,3,29,,,,,100%,-6.8,-5.5,2,0,5,0,0,0,6,0,0
266,Caris LeVert\leverca01,SG,26,BRK,12,334,25%,62%,13%,,,6.9,2.0,10,9,7,2,20,1,179,6,7
267,Kira Lewis Jr.\lewiski01,PG,19,NOP,21,273,100%,,,,,1.6,2.6,6,0,19,0,7,3,90,0,6
268,Damian Lillard\lillada01,PG,30,POR,34,1224,100%,,,,,2.0,9.4,76,21,22,9,93,12,679,17,32
269,Nassir Little\littlna01,PF,20,POR,20,239,,,70%,26%,4%,-2.6,-2.5,2,5,15,2,12,0,18,2,5
270,Kevon Looney\looneke01,C,24,GSW,27,401,,,,,100%,7.4,8.9,7,3,26,4,6,1,106,1,3
271,Brook Lopez\lopezbr01,C,32,MIL,36,975,,,,,100%,6.1,0.5,12,8,42,9,32,1,55,8,8
272,Robin Lopez\lopezro01,C,32,WAS,34,690,,,,,100%,-5.1,-1.2,8,8,36,14,32,3,76,10,14
273,Kevin Love\loveke01,PF,32,CLE,2,46,,,,100%,,17.7,25.6,1,2,0,0,2,0,11,0,3
274,Kyle Lowry\lowryky01,PG,34,TOR,29,1002,98%,3%,,,,1.5,0.4,45,17,34,15,41,24,490,9,23
275,Timothé Luwawu-Cabarrot\luwawti01,SF,25,BRK,34,669,,3%,53%,43%,1%,-0.2,-8.7,13,6,33,3,12,4,106,2,8
276,Trey Lyles\lylestr01,PF,25,SAS,19,311,,,11%,77%,12%,-12.3,-15.5,2,0,9,0,10,0,25,1,0
277,Thon Maker\makerth01,C,23,CLE,8,76,,,7%,44%,49%,-9.4,-2.2,1,0,3,2,5,0,9,1,1
278,Théo Maledon\maledth01,PG,19,OKC,31,797,100%,,,,,-9.9,-7.6,34,8,35,1,13,1,253,4,9
279,Karim Mané\maneka01,PG,20,ORL,6,56,,58%,42%,,,-15.6,-9.6,1,1,2,0,2,0,2,0,6
280,Terance Mann\mannte01,SG,24,LAC,35,549,2%,54%,40%,4%,,-2.2,-11.6,5,6,26,7,16,3,110,1,12
281,Nico Mannion\mannini01,PG,19,GSW,7,67,100%,,,,,6.3,6.0,4,1,3,0,1,1,44,0,2
282,Boban Marjanović\marjabo01,C,32,DAL,18,141,,,,,100%,5.5,6.6,2,4,8,1,8,0,6,4,9
283,Lauri Markkanen\markkla01,PF,23,CHI,14,426,,,,30%,70%,-8.7,-11.5,7,9,18,6,20,2,28,6,8
284,Naji Marshall\marshna01,SF,23,NOP,3,8,,,65%,36%,,79.4,80.3,0,0,0,0,1,0,2,0,0
285,Caleb Martin\martica02,SF,25,CHO,26,395,,34%,62%,4%,,-5.8,-6.6,9,3,14,2,13,15,75,4,11
286,Cody Martin\martico01,SF,25,CHO,23,268,1%,14%,79%,6%,,2.1,3.4,10,3,6,2,7,2,58,4,4
287,Kelan Martin\martike03,SF,25,IND,12,48,,,75%,24%,1%,4.9,4.7,1,2,1,0,0,0,0,0,0
288,Kenyon Martin Jr.\martike04,SF,20,HOU,7,69,,,34%,59%,7%,18.0,24.5,1,1,4,1,3,0,9,1,2
289,Frank Mason III\masonfr01,PG,26,ORL,4,79,100%,,,,,-10.1,-3.9,4,0,3,1,4,0,25,1,5
290,Garrison Mathews\mathega01,SG,24,WAS,28,454,5%,19%,72%,4%,,-5.3,-1.3,0,4,21,0,14,18,34,0,6
291,Dakota Mathias\mathida01,SG,25,PHI,8,123,,48%,52%,,,-12.7,-17.7,0,0,3,0,1,1,29,1,0
292,Wesley Matthews\matthwe02,SG,34,LAL,30,605,4%,63%,33%,1%,,-2.7,-11.5,12,2,26,0,5,8,77,0,0
293,Tyrese Maxey\maxeyty01,SG,20,PHI,32,519,44%,52%,5%,,,-10.6,-20.4,11,7,27,1,12,1,139,5,13
294,Skylar Mays\mayssk01,SG,23,ATL,16,132,38%,62%,,,,7.9,7.9,3,1,5,0,8,1,46,0,6
295,Patrick McCaw\mccawpa01,SF,25,TOR,3,20,,,84%,16%,,-47.0,-48.8,0,0,1,0,0,0,10,0,0
296,CJ McCollum\mccolcj01,SG,29,POR,13,440,19%,80%,1%,,,4.3,6.6,8,4,12,0,21,1,163,6,9
297,T.J. McConnell\mccontj01,PG,28,IND,32,810,49%,51%,,,,2.4,4.2,39,13,20,1,8,14,507,4,12
298,Jaden McDaniels\mcdanja02,PF,20,MIN,30,574,,,8%,88%,4%,-4.1,7.4,9,8,42,3,10,1,72,2,9
299,Jalen McDaniels\mcdanja01,SF,23,CHO,17,213,,1%,44%,55%,,-7.0,-7.1,4,3,12,2,10,0,19,3,7
300,Doug McDermott\mcderdo01,PF,29,IND,34,882,,,35%,64%,1%,1.5,2.5,12,9,18,6,28,2,112,10,23
301,Sean McDermott\mcderse01,SF,24,MEM,8,126,,33%,58%,9%,,-16.7,-19.4,3,0,0,0,2,0,10,0,2
302,JaVale McGee\mcgeeja01,C,33,CLE,27,411,,,,,100%,-12.6,-6.9,19,2,32,9,20,2,61,4,8
303,Rodney McGruder\mcgruro01,SG,29,DET,12,115,38%,62%,,,,-6.6,-2.9,1,2,4,1,4,2,29,2,1
304,Alfonzo McKinnie\mckinal01,SF,28,LAL,18,84,,22%,74%,3%,,-11.3,-17.1,1,0,2,0,4,4,2,0,2
305,Jordan McLaughlin\mclaujo01,PG,24,MIN,24,467,100%,,,,,-9.6,-0.7,17,7,10,1,3,8,272,1,17
306,Ben McLemore\mclembe01,SG,27,HOU,24,372,76%,24%,,,,-9.4,-5.2,13,7,17,3,9,1,55,2,6
307,Nicolò Melli\mellini01,PF,30,NOP,17,186,,,,93%,7%,7.6,9.2,3,2,16,1,2,0,43,0,2
308,De'Anthony Melton\meltode01,PG,22,MEM,20,408,18%,82%,1%,,,10.8,13.3,11,11,19,2,9,0,131,2,14
309,Sam Merrill\merrisa01,SG,24,MIL,13,77,16%,79%,5%,,,-9.3,-16.0,0,2,1,0,0,1,25,0,1
310,Chimezie Metu\metuch01,C,23,SAC,11,71,,,,,100%,-12.2,-6.8,2,2,6,2,4,1,11,1,1
311,Khris Middleton\middlkh01,SF,29,MIL,36,1203,,2%,76%,22%,,6.2,0.9,48,26,42,8,52,4,492,18,26
312,Darius Miller\milleda01,SF,30,OKC,12,111,24%,54%,22%,,,9.0,15.8,1,2,3,0,1,0,24,0,0
313,Patty Mills\millspa02,PG,32,SAS,32,824,100%,,,,,8.2,17.4,21,8,14,2,13,15,201,4,11
314,Paul Millsap\millspa01,PF,35,DEN,26,621,,,4%,92%,4%,3.0,-3.0,14,7,34,2,25,3,101,5,7
315,Shake Milton\miltosh01,SG,24,PHI,28,703,2%,39%,49%,10%,,3.6,-0.3,22,10,30,3,45,8,204,10,24
316,Donovan Mitchell\mitchdo01,SG,24,UTA,34,1154,60%,40%,,,,8.0,-2.6,61,31,30,5,76,7,455,21,32
317,Adam Mokoka\mokokad01,SG,22,CHI,7,42,14%,71%,15%,,,-8.1,-8.1,2,0,2,0,0,0,10,0,0
318,Malik Monk\monkma01,SG,22,CHO,22,499,6%,64%,30%,,,2.6,4.8,24,5,17,3,18,1,101,3,8
319,E'Twaun Moore\mooreet01,SG,31,PHO,22,334,30%,59%,10%,1%,,4.7,-2.5,7,3,10,4,4,1,81,0,10
320,Ja Morant\moranja01,PG,21,MEM,24,738,92%,8%,,,,0.2,-1.6,52,14,19,1,58,6,439,11,25
321,Juwan Morgan\morgaju01,PF,23,UTA,15,71,,,,34%,66%,-23.5,-33.8,1,0,10,1,1,0,10,1,0
322,Marcus Morris\morrima03,PF,31,LAC,28,684,,,1%,88%,12%,2.1,-6.1,14,8,27,1,17,7,63,5,6
323,Markieff Morris\morrima02,PF,31,LAL,31,539,,,,92%,9%,2.1,-4.0,7,3,17,4,13,7,79,3,3
324,Monte Morris\morrimo01,PG,25,DEN,35,949,66%,34%,,,,6.2,2.7,13,8,17,1,20,2,296,4,18
325,Mychal Mulder\muldemy01,PG,26,GSW,34,360,92%,9%,,,,5.2,6.0,4,2,13,1,7,2,34,1,2
326,Dejounte Murray\murrade01,PG,24,SAS,32,992,63%,37%,,,,3.1,8.1,25,18,21,4,28,4,409,8,27
327,Jamal Murray\murraja01,PG,23,DEN,34,1204,47%,42%,10%,1%,,8.3,10.5,35,31,32,7,42,17,373,6,18
328,Mike Muscala\muscami01,C,29,OKC,34,633,,,,,100%,-1.9,6.1,10,6,36,2,14,3,64,6,6
329,Sviatoslav Mykhailiuk\mykhasv01,SF,23,DET,35,608,,27%,72%,1%,,-2.4,2.3,17,9,6,4,8,6,117,1,8
330,Abdel Nader\naderab01,SF,27,PHO,19,273,,26%,64%,9%,1%,5.3,-1.7,4,3,11,3,13,4,34,2,4
331,Larry Nance Jr.\nancela02,PF,28,CLE,19,635,,1%,11%,88%,,-3.3,6.2,18,5,20,3,8,5,148,1,5
332,Aaron Nesmith\nesmiaa01,SF,21,BOS,18,281,,28%,63%,10%,,3.6,3.8,3,3,17,1,4,3,16,1,4
333,Raul Neto\netora01,PG,28,WAS,29,591,92%,8%,,,,-2.2,3.5,13,5,26,0,14,18,147,3,16
334,Georges Niang\niangge01,PF,27,UTA,36,481,,,6%,94%,,12.6,5.2,11,3,26,4,3,2,58,1,3
335,Zeke Nnaji\nnajize01,PF,20,DEN,23,248,,,3%,83%,14%,-2.6,-8.8,2,0,10,1,4,0,7,1,4
336,Nerlens Noel\noelne01,C,26,NYK,32,710,,,,,100%,-0.1,-1.2,11,16,45,5,14,6,45,3,2
337,Jaylen Nowell\nowelja01,SG,21,MIN,22,367,2%,76%,22%,,,-9.3,-0.4,5,4,21,0,16,2,58,2,8
338,Frank Ntilikina\ntilila01,PG,22,NYK,9,127,42%,58%,,,,-4.6,-5.6,4,1,8,0,1,3,17,0,1
339,Kendrick Nunn\nunnke01,PG,25,MIA,28,839,100%,,,,,-1.9,-1.1,30,11,27,6,15,1,170,5,18
340,Jusuf Nurkić\nurkiju01,C,26,POR,12,280,,,,,100%,2.9,4.1,12,2,15,6,12,3,78,1,11
341,David Nwaba\nwabada01,SF,28,HOU,28,642,,10%,43%,40%,7%,0.4,9.6,5,9,25,1,36,12,71,12,24
342,Jordan Nwora\nworajo01,SF,22,MIL,10,82,,,40%,60%,,-2.1,-8.5,4,2,5,0,3,0,0,0,5
343,Royce O'Neale\onealro01,SF,27,UTA,36,1181,,28%,72%,1%,,10.0,3.6,20,6,51,4,11,18,252,2,6
344,Semi Ojeleye\ojelese01,PF,26,BOS,34,645,,,4%,94%,2%,0.3,-0.1,6,0,24,4,13,8,62,4,6
345,Jahlil Okafor\okafoja01,C,25,DET,12,120,,,,,100%,-13.3,-10.1,3,0,7,0,1,0,8,0,5
346,Chuma Okeke\okekech01,PF,22,ORL,20,437,,,24%,76%,,0.3,8.8,10,2,12,0,5,1,98,0,2
347,Josh Okogie\okogijo01,SG,22,MIN,29,558,,14%,80%,7%,,-10.2,-1.7,13,3,27,1,21,9,71,4,12
348,Onyeka Okongwu\okongon01,C,20,ATL,16,159,,,,12%,89%,-6.5,-7.9,1,2,15,4,8,1,12,3,5
349,Isaac Okoro\okorois01,SG,20,CLE,31,1030,5%,44%,51%,1%,,-8.3,-2.6,23,15,48,4,25,6,147,5,19
350,KZ Okpala\okpalkz01,PF,21,MIA,19,199,,,41%,59%,,-16.3,-16.9,5,1,8,3,3,0,17,0,5
351,Victor Oladipo\oladivi01,SG,28,TOT,24,786,7%,65%,28%,,,-1.4,1.5,24,18,21,7,38,17,270,9,33
351,Victor Oladipo\oladivi01,SG,28,IND,9,300,,60%,41%,,,4.4,4.9,9,6,8,2,15,8,89,4,11
351,Victor Oladipo\oladivi01,SG,28,HOU,15,486,11%,69%,20%,1%,,-4.7,0.9,15,12,13,5,23,9,181,5,22
352,Kelly Olynyk\olynyke01,C,29,MIA,35,927,,,,,100%,2.4,8.2,20,5,40,14,14,8,181,3,7
353,Miye Oni\onimi01,SG,23,UTA,26,206,21%,42%,36%,,,7.2,-1.9,5,1,13,0,2,1,17,0,2
354,Cedi Osman\osmande01,SF,25,CLE,35,904,,13%,70%,17%,,-10.3,-6.3,24,9,29,2,20,6,220,6,20
355,Daniel Oturu\oturuda01,C,21,LAC,10,42,,,,,100%,12.3,6.7,2,0,5,0,1,0,9,0,3
356,Kelly Oubre Jr.\oubreke01,SF,25,GSW,35,1062,,33%,42%,24%,1%,-2.4,-7.2,14,16,39,8,50,16,113,11,30
357,Jabari Parker\parkeja01,PF,25,SAC,2,25,,,,80%,20%,-30.1,-24.8,1,1,2,0,0,1,2,0,0
358,Eric Paschall\pascher01,PF,24,GSW,34,599,,,,29%,71%,-5.5,-8.9,7,12,27,12,45,2,115,13,22
359,Anžejs Pasečņiks\pasecan01,C,25,WAS,1,6,,,,,100%,-100.0,-95.9,2,1,0,2,0,0,2,0,0
360,Patrick Patterson\pattepa01,PF,31,LAC,10,130,,,2%,78%,20%,-1.5,-7.9,4,1,4,0,1,0,13,0,0
361,Justin Patton\pattoju01,C,23,HOU,6,128,,,,,100%,-11.9,-7.1,2,0,15,0,2,0,13,0,3
362,Chris Paul\paulch01,PG,35,PHO,34,1080,100%,,,,,7.4,1.8,56,14,35,7,15,8,717,4,6
363,Cameron Payne\payneca01,PG,26,PHO,24,394,97%,3%,,,,10.6,5.0,18,3,18,2,7,10,217,1,5
364,Elfrid Payton\paytoel01,PG,26,NYK,33,932,96%,4%,,,,-1.5,-4.4,36,12,23,4,36,3,281,12,43
365,Norvel Pelle\pelleno01,C,27,TOT,4,32,,,,,100%,-15.0,-15.1,1,0,6,2,0,0,2,0,2
365,Norvel Pelle\pelleno01,C,27,BRK,3,28,,,,,100%,-18.9,-24.6,1,0,5,2,0,0,0,0,1
365,Norvel Pelle\pelleno01,C,27,SAC,1,4,,,,,100%,11.1,16.7,0,0,1,0,0,0,2,0,1
366,Reggie Perry\perryre01,PF,20,BRK,14,147,,,5%,61%,34%,-5.3,-11.5,5,3,16,3,4,1,27,2,7
367,Theo Pinson\pinsoth01,SG,25,NYK,11,25,4%,50%,47%,,,-36.8,-38.0,0,0,1,0,0,0,3,0,0
368,Mason Plumlee\plumlma01,C,30,DET,34,953,,,,,100%,-6.0,-4.5,38,19,66,7,40,3,324,7,23
369,Jakob Poeltl\poeltja01,C,25,SAS,32,750,,,,,100%,8.0,15.2,15,5,45,14,22,2,130,9,12
370,Vincent Poirier\poirivi01,C,27,PHI,6,22,,,,,100%,-26.1,-30.3,1,0,2,0,1,0,3,0,0
371,Aleksej Pokusevski\pokusal01,PF,19,OKC,17,296,,,2%,81%,17%,-13.6,-9.5,12,4,14,1,0,1,50,0,1
372,Jordan Poole\poolejo01,SG,21,GSW,16,170,,63%,34%,3%,,-3.1,-4.0,2,3,7,0,7,2,32,1,1
373,Michael Porter Jr.\portemi01,SF,22,DEN,26,744,,,58%,42%,,5.3,0.7,8,6,38,5,22,0,51,6,8
374,Otto Porter\porteot01,SF,27,CHI,16,372,,4%,48%,48%,,-4.9,-6.1,7,4,9,3,12,1,74,4,3
375,Bobby Portis\portibo01,C,25,MIL,36,776,,,,19%,81%,8.0,3.7,6,8,47,8,17,1,97,5,21
376,Kristaps Porziņģis\porzikr01,C,25,DAL,20,602,,,,,100%,-3.6,-4.9,9,7,38,3,36,3,66,8,16
377,Dwight Powell\poweldw01,C,29,DAL,23,346,,,,6%,94%,3.5,5.1,3,3,26,8,27,7,47,2,8
378,Norman Powell\powelno01,SG,27,TOR,34,1006,2%,57%,41%,,,1.7,1.0,21,22,26,8,57,7,152,13,33
379,Taurean Prince\princta02,PF,26,TOT,29,620,,,39%,61%,,-6.1,-6.4,19,5,25,3,17,7,113,2,8
379,Taurean Prince\princta02,PF,26,BRK,12,218,,,71%,29%,,-2.8,-9.3,7,2,7,2,10,2,17,2,3
379,Taurean Prince\princta02,PF,26,CLE,17,402,,,22%,78%,,-7.9,-0.8,12,3,18,1,7,5,96,0,5
380,Payton Pritchard\pritcpa01,SG,23,BOS,30,641,34%,64%,3%,,,0.4,0.1,14,6,26,2,9,3,164,3,11
381,Immanuel Quickley\quickim01,PG,21,NYK,33,619,81%,19%,,,,2.2,2.4,16,6,22,3,34,3,191,9,13
382,Jahmi'us Ramsey\ramseja01,SG,19,SAC,4,16,19%,81%,,,,22.5,28.4,1,0,0,0,0,0,3,0,0
383,Chasson Randle\randlch01,PG,27,ORL,8,151,100%,,,,,-13.7,-8.1,4,1,12,1,4,3,56,1,2
384,Julius Randle\randlju01,PF,26,NYK,37,1358,,,,93%,7%,1.9,5.6,55,27,34,20,94,4,515,29,37
385,Cam Reddish\reddica01,SF,21,ATL,26,750,,27%,72%,1%,,-3.0,-6.4,12,14,34,4,39,4,83,4,22
386,J.J. Redick\redicjj01,SG,36,NOP,31,576,18%,81%,1%,,,-4.1,-5.2,9,8,23,6,17,11,88,7,7
387,Paul Reed\reedpa01,PF,21,PHI,5,55,,,25%,75%,,14.5,11.1,1,3,3,0,0,0,8,0,6
388,Naz Reid\reidna01,C,21,MIN,34,699,,,,2%,99%,-13.6,-7.6,15,10,69,9,41,9,106,9,19
389,Nick Richards\richani01,PF,23,CHO,8,23,,,,11%,89%,36.7,37.9,0,0,0,0,3,0,0,0,1
390,Josh Richardson\richajo01,SG,27,DAL,25,788,,80%,20%,,,-2.1,-3.2,15,11,31,2,21,12,161,6,8
391,Austin Rivers\riverau01,SG,28,NYK,21,442,8%,92%,,,,-3.8,-5.8,7,5,12,5,6,8,107,0,6
392,Andre Roberson\roberan03,SG,29,BRK,5,63,,,38%,62%,,-12.7,-18.6,0,1,0,1,1,0,9,0,2
393,Duncan Robinson\robindu01,SF,26,MIA,36,1202,,34%,38%,28%,,-0.7,2.0,23,5,44,10,17,6,137,5,6
394,Glenn Robinson III\robingl02,SF,27,SAC,23,369,,1%,60%,39%,,-16.1,-13.4,3,6,12,0,9,1,50,1,8
395,Jerome Robinson\robinje01,SG,23,WAS,13,221,17%,70%,12%,1%,,-15.0,-12.2,8,1,13,1,10,6,43,3,2
396,Mitchell Robinson\robinmi01,C,22,NYK,27,778,,,,,100%,-1.5,-3.7,0,9,49,11,24,2,30,4,11
397,Isaiah Roby\robyis01,PF,22,OKC,30,640,,,6%,42%,52%,-6.0,-0.3,18,11,44,5,28,5,127,5,13
398,Rajon Rondo\rondora01,PG,34,ATL,20,300,81%,19%,,,,-8.7,-11.3,18,5,4,3,1,2,178,0,6
399,Derrick Rose\rosede01,PG,32,TOT,25,588,100%,,,,,-0.2,1.7,21,20,11,3,37,5,276,6,17
399,Derrick Rose\rosede01,PG,32,DET,15,342,100%,,,,,-10.6,-8.4,8,14,7,3,24,2,156,3,10
399,Derrick Rose\rosede01,PG,32,NYK,10,246,100%,,,,,14.5,16.2,13,6,4,0,13,3,120,3,7
400,Terrence Ross\rosste01,SG,29,ORL,35,1032,19%,71%,11%,,,-7.8,-3.8,25,17,26,9,36,3,190,7,21
401,Terry Rozier\roziete01,SG,26,CHO,33,1106,12%,78%,9%,,,-3.0,-6.7,35,17,26,9,31,16,256,10,16
402,Ricky Rubio\rubiori01,PG,30,MIN,34,863,98%,2%,,,,-9.1,0.0,52,10,17,4,28,14,516,3,15
403,D'Angelo Russell\russeda01,PG,24,MIN,20,583,72%,28%,,,,-16.1,-10.6,33,16,17,4,25,6,239,5,6
404,Domantas Sabonis\sabondo01,PF,24,IND,35,1278,,,,62%,38%,-3.4,-14.7,45,34,43,20,94,3,519,23,32
405,Luka Šamanić\samanlu01,PF,21,SAS,9,99,,,,88%,11%,15.2,16.0,0,1,6,2,4,2,2,0,4
406,JaKarr Sampson\sampsja02,PF,27,IND,15,97,,,33%,51%,16%,17.9,18.7,2,1,8,0,6,1,2,2,1
407,Dario Šarić\saricda01,PF,26,PHO,17,307,,,,17%,83%,23.1,20.1,10,6,19,2,15,3,50,3,16
408,Tomáš Satoranský\satorto01,SG,29,CHI,23,476,,9%,69%,22%,,5.8,8.5,27,5,16,1,14,6,237,6,4
409,Dennis Schröder\schrode01,SG,27,LAL,33,1030,22%,71%,7%,,,7.7,6.5,47,17,22,7,53,20,356,11,30
410,Mike Scott\scottmi01,PF,32,PHI,17,295,,,1%,96%,3%,-3.2,-8.4,4,4,10,1,3,1,12,1,2
411,Collin Sexton\sextoco01,SG,22,CLE,31,1127,43%,57%,,,,-5.9,3.7,35,32,32,16,72,15,319,18,45
412,Landry Shamet\shamela01,SG,23,BRK,33,650,18%,35%,40%,7%,,-1.6,-10.7,13,4,17,4,13,5,89,2,10
413,Iman Shumpert\shumpim01,SG,30,BRK,2,11,,,100%,,,-0.2,-5.5,1,0,0,0,0,0,0,0,0
414,Pascal Siakam\siakapa01,PF,26,TOR,30,1075,,,2%,81%,17%,3.2,4.9,30,13,33,15,72,3,371,17,35
415,Chris Silva\silvach01,PF,24,MIA,6,53,,,,67%,33%,-8.4,-7.2,2,2,7,2,4,1,14,0,1
416,Ben Simmons\simmobe01,PG,24,PHI,31,1051,100%,,,,,7.9,10.4,51,22,41,23,73,11,597,15,27
417,Anfernee Simons\simonan01,SG,21,POR,32,543,61%,39%,,,,-11.5,-16.2,13,8,33,1,10,1,111,1,11
418,Deividas Sirvydis\sirvyde01,SG,20,DET,5,8,,74%,26%,,,34.3,38.3,0,0,1,0,1,0,3,0,0
419,Marcus Smart\smartma01,PG,26,BOS,17,549,58%,42%,,,,-0.4,-1.2,17,9,18,2,25,8,244,3,7
420,Dennis Smith Jr.\smithde03,PG,23,TOT,15,275,99%,1%,,,,-3.8,-2.3,7,6,11,2,4,0,119,1,8
420,Dennis Smith Jr.\smithde03,PG,23,NYK,3,28,87%,14%,,,,-17.5,-18.4,0,0,1,0,2,0,7,0,1
420,Dennis Smith Jr.\smithde03,PG,23,DET,12,247,100%,,,,,-2.3,1.8,7,6,10,2,2,0,112,1,7
421,Ish Smith\smithis01,PG,32,WAS,19,391,100%,,,,,2.2,8.7,10,7,10,1,8,12,223,1,4
422,Jalen Smith\smithja04,PF,20,PHO,11,57,,,,65%,35%,-8.0,-15.2,0,0,3,1,1,0,5,0,0
423,Tony Snell\snellto01,SG,29,ATL,23,420,,35%,65%,,,3.4,3.6,7,2,11,2,0,0,66,0,2
424,Ray Spalding\spaldra01,C,23,HOU,2,19,,,,,100%,-23.7,-18.6,2,1,2,0,1,0,0,0,0
425,Cassius Stanley\stanlca01,SG,21,IND,8,23,1%,31%,45%,24%,,-5.7,-6.0,1,0,4,0,2,0,0,0,3
426,Lamar Stevens\stevela01,PF,23,CLE,24,346,,8%,35%,56%,1%,-11.8,-5.7,9,4,24,0,15,1,59,2,9
427,Isaiah Stewart\stewais01,C,19,DET,34,626,,,,,100%,3.1,10.9,8,11,36,8,16,5,55,6,16
428,Max Strus\strusma01,SF,24,MIA,19,283,5%,59%,36%,,,-8.1,-8.0,1,1,12,0,5,5,25,1,1
429,Edmond Sumner\sumneed01,SG,25,IND,22,251,1%,55%,43%,1%,,-1.0,-1.5,10,2,10,2,15,2,27,3,6
430,Jae'Sean Tate\tateja01,SF,25,HOU,34,933,1%,11%,63%,26%,,-4.3,2.6,14,13,48,7,22,14,151,6,23
431,Jayson Tatum\tatumja01,SF,22,BOS,31,1110,,5%,77%,18%,,3.0,7.1,39,18,17,13,57,3,343,11,33
432,Jeff Teague\teaguje01,PG,32,BOS,28,506,87%,13%,,,,2.8,3.4,20,9,17,1,21,2,133,3,9
433,Garrett Temple\templga01,SG,34,CHI,33,936,31%,68%,1%,,,5.8,14.0,19,5,41,1,14,10,165,7,7
434,Tyrell Terry\terryty01,PG,20,DAL,11,56,100%,,,,,-1.6,-1.1,2,0,2,0,0,1,13,0,0
435,Daniel Theis\theisda01,C,28,BOS,34,827,,,,,100%,3.3,5.6,14,7,54,11,21,6,109,4,9
436,Brodric Thomas\thomabr01,SG,24,HOU,4,24,77%,9%,14%,,,21.2,27.0,1,2,1,1,3,0,8,1,0
437,Matt Thomas\thomama02,SG,26,TOR,21,145,19%,77%,4%,,,-12.3,-14.8,1,1,7,0,1,0,21,1,1
438,Tristan Thompson\thomptr01,PF,29,BOS,34,774,,,,46%,54%,-0.7,-2.0,12,9,41,5,33,0,78,9,16
439,Sindarius Thornwell\thornsi01,SG,26,NOP,11,53,36%,64%,,,,30.4,31.9,2,0,1,0,0,0,5,0,1
440,Matisse Thybulle\thybuma01,SG,23,PHI,33,596,20%,59%,20%,2%,,3.3,-0.8,6,3,24,2,6,4,74,2,1
441,Killian Tillie\tilliki02,C,22,MEM,2,21,,,,80%,20%,-8.2,-9.4,0,1,3,0,0,0,0,0,1
442,Xavier Tillman Sr.\tillmxa01,PF,22,MEM,27,551,,,6%,58%,35%,3.6,3.9,13,4,44,5,13,0,107,5,12
443,Obi Toppin\toppiob01,PF,22,NYK,27,342,,,,98%,2%,-2.3,-3.7,7,4,13,3,8,1,40,2,5
444,Juan Toscano-Anderson\toscaju01,SG,27,GSW,23,474,,53%,41%,6%,,0.5,0.1,14,5,20,6,8,7,124,2,6
445,Karl-Anthony Towns\townska01,C,25,MIN,16,524,,,,,100%,-3.8,7.5,21,5,23,19,34,7,158,6,16
446,Gary Trent Jr.\trentga02,SG,22,POR,33,1030,4%,87%,10%,,,-0.3,0.6,12,7,27,4,23,6,123,8,13
447,P.J. Tucker\tuckepj01,PF,35,HOU,32,959,,,,74%,26%,-8.3,-6.8,12,5,41,8,4,14,115,0,6
448,Myles Turner\turnemy01,C,24,IND,33,1038,,,,,100%,1.9,4.2,20,6,74,14,49,3,70,9,12
449,Jonas Valančiūnas\valanjo01,C,28,MEM,27,733,,,,,100%,0.1,-1.9,14,20,45,19,44,2,110,6,28
450,Denzel Valentine\valende01,SG,27,CHI,30,591,,32%,59%,8%,,6.6,10.5,11,2,19,0,1,2,131,0,9
451,Jarred Vanderbilt\vandeja01,PF,21,MIN,34,652,,,,69%,31%,-7.6,2.4,14,11,31,5,31,5,129,9,21
452,Fred VanVleet\vanvlfr01,SG,26,TOR,34,1249,44%,56%,,,,4.2,10.4,35,22,31,7,49,10,564,6,38
453,Devin Vassell\vassede01,SF,20,SAS,26,451,1%,49%,50%,,,3.7,5.1,5,3,19,0,11,1,70,3,3
454,Gabe Vincent\vincega01,PG,24,MIA,25,375,50%,48%,2%,,,-3.3,-2.4,12,4,22,1,9,8,75,3,7
455,Noah Vonleh\vonleno01,PF,25,BRK,4,11,,,,62%,38%,-76.2,-81.9,0,1,0,1,0,0,3,0,1
456,Nikola Vučević\vucevni01,C,30,ORL,36,1220,,,,,100%,-8.5,-7.3,26,22,32,5,33,0,333,8,21
457,Dean Wade\wadede01,PF,24,CLE,28,320,,,11%,77%,12%,-2.3,6.0,7,3,14,1,3,2,41,2,1
458,Moritz Wagner\wagnemo01,C,23,WAS,22,315,,,,,100%,4.5,11.1,6,2,30,4,20,12,66,7,9
459,Kemba Walker\walkeke02,PG,30,BOS,20,600,100%,,,,,0.1,-0.5,29,11,13,0,23,13,214,7,31
460,Lonnie Walker\walkelo01,SG,22,SAS,30,819,4%,88%,8%,,,-7.7,-16.6,13,8,38,3,21,3,127,7,15
461,John Wall\walljo01,PG,30,HOU,25,793,100%,,,,,-7.6,-4.1,52,24,17,5,65,4,388,13,29
462,Brad Wanamaker\wanambr01,PG,31,GSW,37,599,65%,34%,1%,,,-0.8,-1.8,16,8,23,2,26,7,248,7,20
463,T.J. Warren\warretj01,SF,27,IND,4,117,,2%,75%,23%,,1.3,1.1,0,3,7,1,7,2,13,4,2
464,P.J. Washington\washipj01,PF,22,CHO,31,910,,,,51%,49%,0.1,1.8,30,18,48,10,43,5,227,4,28
465,Yuta Watanabe\watanyu01,SF,26,TOR,22,268,,,44%,53%,4%,-2.6,-4.6,1,2,15,0,2,2,20,0,4
466,Tremont Waters\watertr01,PG,23,BOS,10,98,100%,,,,,-6.2,-7.0,12,1,2,0,2,0,71,0,1
467,Paul Watson\watsopa01,SF,26,TOR,16,74,,6%,45%,47%,3%,-18.6,-20.9,0,0,6,1,0,0,6,0,1
468,Quinndary Weatherspoon\weathqu01,SG,24,SAS,5,24,85%,15%,,,,-76.9,-78.3,3,0,3,1,1,0,6,0,2
469,Russell Westbrook\westbru01,PG,32,WAS,27,923,63%,35%,3%,,,-6.1,-3.9,84,27,23,10,76,2,633,22,27
470,Coby White\whiteco01,PG,20,CHI,34,1130,94%,6%,,,,-3.3,-9.9,38,24,44,7,32,13,409,8,32
471,Derrick White\whitede01,SG,26,SAS,8,189,6%,74%,20%,,,10.5,11.8,3,3,5,0,7,5,70,1,9
472,Hassan Whiteside\whiteha01,C,31,SAC,23,335,,,,,100%,-9.3,-4.6,7,4,24,8,29,3,27,5,10
473,Greg Whittington\whittgr01,PF,27,DEN,2,8,,28%,72%,,,34.6,29.8,0,0,0,0,0,0,0,0,0
474,Andrew Wiggins\wiggian01,PF,25,GSW,37,1193,,,45%,52%,4%,-2.0,-7.4,24,21,48,12,68,4,205,20,24
475,Grant Williams\willigr01,PF,22,BOS,28,517,,,12%,86%,3%,-6.6,-10.0,13,6,36,6,7,5,65,3,8
476,Kenrich Williams\willike04,PF,26,OKC,36,681,1%,6%,70%,22%,1%,0.1,9.7,15,9,25,6,12,7,139,4,11
477,Lou Williams\willilo02,PG,34,LAC,35,794,100%,,,,,4.0,-3.3,47,7,8,1,46,6,318,9,24
478,Patrick Williams\willipa01,PF,19,CHI,33,939,,,29%,71%,,-5.4,-11.9,8,18,41,9,36,7,100,8,22
479,Robert Williams\williro04,C,23,BOS,29,468,,,,14%,86%,-4.2,-6.2,15,5,37,4,18,0,73,5,3
480,Zion Williamson\willizi01,PF,20,NOP,34,1126,,,,88%,12%,-0.4,0.7,25,31,43,18,151,0,298,45,72
481,D.J. Wilson\wilsodj01,PF,24,MIL,11,99,,,,55%,45%,-14.7,-21.8,1,1,9,1,1,0,8,0,2
482,Dylan Windler\windldy01,SF,24,CLE,22,417,,43%,43%,14%,,-5.2,2.7,14,5,17,2,10,2,68,1,4
483,Justise Winslow\winslju01,SF,24,MEM,6,134,,18%,58%,23%,,6.3,5.8,3,3,8,2,4,3,23,0,1
484,Cassius Winston\winstca01,PG,22,WAS,6,44,100%,,,,,-23.7,-19.7,1,0,2,0,0,0,12,0,0
485,James Wiseman\wisemja01,C,19,GSW,26,541,,,,,100%,-6.9,-10.7,8,11,57,10,31,3,43,6,17
486,Christian Wood\woodch01,C,25,HOU,17,530,,,,1%,99%,3.2,12.7,14,5,20,5,37,5,55,13,13
487,Robert Woodard\woodaro01,SF,21,SAC,6,17,,,31%,53%,16%,15.4,21.3,1,0,0,0,1,0,0,0,0
488,Delon Wright\wrighde01,SG,28,DET,29,848,83%,17%,,,,-2.4,3.0,19,12,13,2,25,9,358,3,15
489,Thaddeus Young\youngth01,PF,32,CHI,30,760,,,,52%,48%,7.6,14.3,31,15,46,5,29,17,312,17,7
490,Trae Young\youngtr01,PG,22,ATL,34,1182,96%,4%,,,,3.1,8.0,102,33,27,7,105,12,756,17,45
491,Cody Zeller\zelleco01,C,28,CHO,18,421,,,,,100%,-0.3,0.6,6,7,20,6,16,7,113,3,16
492,Ivica Zubac\zubaciv01,C,23,LAC,38,753,,,,,100%,1.2,-8.0,10,8,61,14,39,0,104,4,22